atm_id,latitude,longitude,state,city,h3_cell_res8,h3_cell_res9,source
ATM000001,17.390471,78.496984,Maharashtra,Hyderabad,8860a25b05fffff,8960a25b053ffff,SYNTHETIC_REFERENCE
ATM000002,26.893644,80.959263,Uttar Pradesh,Lucknow,883d8dcc41fffff,893d8dcc41bffff,SYNTHETIC_REFERENCE
ATM000003,23.008097,72.544083,Rajasthan,Ahmedabad,8842ceb583fffff,8942ceb582bffff,SYNTHETIC_REFERENCE
ATM000004,22.622249,88.284634,West Bengal,Kolkata,883cf2d403fffff,893cf2d4033ffff,SYNTHETIC_REFERENCE
ATM000005,28.483563,77.12068,Uttar Pradesh,Delhi,883da10343fffff,893da103437ffff,SYNTHETIC_REFERENCE
ATM000006,28.616434,77.218734,Uttar Pradesh,Delhi,883da11405fffff,893da114043ffff,SYNTHETIC_REFERENCE
ATM000007,19.075346,72.883544,Maharashtra,Mumbai,88608b0b6dfffff,89608b0b6c3ffff,SYNTHETIC_REFERENCE
ATM000008,26.814779,75.76537,Rajasthan,Jaipur,883da25695fffff,893da256957ffff,SYNTHETIC_REFERENCE
ATM000009,18.525672,73.85851,Maharashtra,Pune,886088503bfffff,896088503a3ffff,SYNTHETIC_REFERENCE
ATM000010,22.906461,72.610217,Gujarat,Ahmedabad,8842cea521fffff,8942cea5217ffff,SYNTHETIC_REFERENCE
ATM000011,19.050328,72.939541,Maharashtra,Mumbai,88608b1927fffff,89608b19263ffff,SYNTHETIC_REFERENCE
ATM000012,26.852574,80.94867,Uttar Pradesh,Lucknow,883d8dcd5dfffff,893d8dcd5c7ffff,SYNTHETIC_REFERENCE
ATM000013,27.032157,75.775654,Rajasthan,Jaipur,883da211cbfffff,893da211ca3ffff,SYNTHETIC_REFERENCE
ATM000014,13.15353,77.599784,Karnataka,Bangalore,8860169703fffff,8960169702bffff,SYNTHETIC_REFERENCE
ATM000015,28.51676,77.076602,Uttar Pradesh,Delhi,883da111c7fffff,893da111c6bffff,SYNTHETIC_REFERENCE
ATM000016,28.561919,77.226341,Uttar Pradesh,Delhi,883da11533fffff,893da115327ffff,SYNTHETIC_REFERENCE
ATM000017,17.319333,78.49183,Maharashtra,Hyderabad,8860b5259bfffff,8960b5259a3ffff,SYNTHETIC_REFERENCE
ATM000018,22.574048,88.365366,West Bengal,Kolkata,883cf2c647fffff,893cf2c609bffff,SYNTHETIC_REFERENCE
ATM000019,13.059596,80.33307,Unknown,Chennai,88618c4843fffff,89618c48427ffff,SYNTHETIC_REFERENCE
ATM000020,12.991967,77.659653,Karnataka,Bangalore,8861892ee9fffff,8961892ee93ffff,SYNTHETIC_REFERENCE
ATM000021,18.52435,73.856122,Maharashtra,Pune,886088503bfffff,896088503a7ffff,SYNTHETIC_REFERENCE
ATM000022,28.593479,77.164782,Uttar Pradesh,Delhi,883da11549fffff,893da115497ffff,SYNTHETIC_REFERENCE
ATM000023,12.979893,77.58517,Karnataka,Bangalore,8860145b43fffff,8960145b43bffff,SYNTHETIC_REFERENCE
ATM000024,17.346535,78.380078,Maharashtra,Hyderabad,8860a25ab1fffff,8960a25ab07ffff,SYNTHETIC_REFERENCE
ATM000025,13.14125,80.248306,Tamil Nadu,Chennai,88618eb229fffff,89618eb2297ffff,SYNTHETIC_REFERENCE
ATM000026,22.979801,72.571833,Gujarat,Ahmedabad,8842cea755fffff,8942cea7543ffff,SYNTHETIC_REFERENCE
ATM000027,28.657003,77.15611,Uttar Pradesh,Delhi,883da11665fffff,893da116657ffff,SYNTHETIC_REFERENCE
ATM000028,22.714448,88.393608,West Bengal,Kolkata,883cf28a61fffff,893cf28a60fffff,SYNTHETIC_REFERENCE
ATM000029,22.550439,88.302822,West Bengal,Kolkata,883cf2d5a1fffff,893cf2d5a17ffff,SYNTHETIC_REFERENCE
ATM000030,19.096676,72.977862,Maharashtra,Mumbai,88608b562dfffff,89608b562cfffff,SYNTHETIC_REFERENCE
ATM000031,18.482824,73.887862,Maharashtra,Pune,8860885233fffff,89608852307ffff,SYNTHETIC_REFERENCE
ATM000032,28.676943,77.265774,Uttar Pradesh,Delhi,883da11683fffff,893da11682fffff,SYNTHETIC_REFERENCE
ATM000033,19.080439,72.877983,Maharashtra,Mumbai,88608b0b65fffff,89608b0b647ffff,SYNTHETIC_REFERENCE
ATM000034,26.865579,80.943993,Uttar Pradesh,Lucknow,883d8dcf33fffff,893d8dcf323ffff,SYNTHETIC_REFERENCE
ATM000035,26.884701,80.902428,Uttar Pradesh,Lucknow,883d8dcf47fffff,893d8dcf467ffff,SYNTHETIC_REFERENCE
ATM000036,26.868019,75.76491,Rajasthan,Jaipur,883da21989fffff,893da21989bffff,SYNTHETIC_REFERENCE
ATM000037,17.407404,78.464538,Maharashtra,Hyderabad,8860a25959fffff,8960a25959bffff,SYNTHETIC_REFERENCE
ATM000038,19.02996,72.970663,Maharashtra,Mumbai,88608b196dfffff,89608b196dbffff,SYNTHETIC_REFERENCE
ATM000039,18.542941,73.793392,Maharashtra,Pune,8860884251fffff,8960884251bffff,SYNTHETIC_REFERENCE
ATM000040,13.092123,80.239768,Tamil Nadu,Chennai,88618c48b3fffff,89618c48b27ffff,SYNTHETIC_REFERENCE
ATM000041,28.617964,77.199056,Uttar Pradesh,Delhi,883da11461fffff,893da114617ffff,SYNTHETIC_REFERENCE
ATM000042,13.082701,80.269912,Tamil Nadu,Chennai,88618c4885fffff,89618c48847ffff,SYNTHETIC_REFERENCE
ATM000043,19.057481,72.916707,Maharashtra,Mumbai,88608b56c3fffff,89608b56c2fffff,SYNTHETIC_REFERENCE
ATM000044,26.81305,80.976069,Uttar Pradesh,Lucknow,883d8dcd37fffff,893d8dcd367ffff,SYNTHETIC_REFERENCE
ATM000045,12.94473,77.617581,Karnataka,Bangalore,88618925ebfffff,89618925e33ffff,SYNTHETIC_REFERENCE
ATM000046,18.521641,73.879063,Maharashtra,Pune,8860885001fffff,8960885000bffff,SYNTHETIC_REFERENCE
ATM000047,17.385648,78.491722,Maharashtra,Hyderabad,8860a25b01fffff,8960a25b003ffff,SYNTHETIC_REFERENCE
ATM000048,22.525661,88.325028,West Bengal,Kolkata,883cf2c747fffff,893cf2c7477ffff,SYNTHETIC_REFERENCE
ATM000049,22.548461,88.339204,West Bengal,Kolkata,883cf2c759fffff,893cf2c7593ffff,SYNTHETIC_REFERENCE
ATM000050,28.505531,77.325343,Uttar Pradesh,Delhi,883da10737fffff,893da10736bffff,SYNTHETIC_REFERENCE
ATM000051,26.823728,80.943858,Uttar Pradesh,Lucknow,883d8dcd05fffff,893d8dcd043ffff,SYNTHETIC_REFERENCE
ATM000052,23.041505,72.574268,Rajasthan,Ahmedabad,8842ceb4b5fffff,8942ceb4b43ffff,SYNTHETIC_REFERENCE
ATM000053,26.833656,80.961011,Uttar Pradesh,Lucknow,883d8dcd03fffff,893d8dcd027ffff,SYNTHETIC_REFERENCE
ATM000054,26.887998,75.772164,Rajasthan,Jaipur,883da219d9fffff,893da219d8bffff,SYNTHETIC_REFERENCE
ATM000055,22.512229,88.310999,West Bengal,Kolkata,883cf2c769fffff,893cf2c7613ffff,SYNTHETIC_REFERENCE
ATM000056,26.864541,80.899944,Uttar Pradesh,Lucknow,883d8dcf67fffff,893d8dcf667ffff,SYNTHETIC_REFERENCE
ATM000057,19.077589,72.877518,Maharashtra,Mumbai,88608b0b61fffff,89608b0b60bffff,SYNTHETIC_REFERENCE
ATM000058,28.61419,77.20961,Uttar Pradesh,Delhi,883da11463fffff,893da11462fffff,SYNTHETIC_REFERENCE
ATM000059,18.952833,72.704482,Maharashtra,Mumbai,88608b0e45fffff,89608b0e44fffff,SYNTHETIC_REFERENCE
ATM000060,17.391418,78.651138,Maharashtra,Hyderabad,8860b521bbfffff,8960b52194fffff,SYNTHETIC_REFERENCE
ATM000061,17.536617,78.550212,Maharashtra,Hyderabad,8860b19293fffff,8960b19745bffff,SYNTHETIC_REFERENCE
ATM000062,12.968183,77.599277,Karnataka,Bangalore,88618925a7fffff,89618925a2bffff,SYNTHETIC_REFERENCE
ATM000063,26.901379,75.78806,Rajasthan,Jaipur,883da218e7fffff,893da218e77ffff,SYNTHETIC_REFERENCE
ATM000064,17.380221,78.509489,Maharashtra,Hyderabad,8860a25b45fffff,8960a25b44fffff,SYNTHETIC_REFERENCE
ATM000065,12.987173,77.549008,Karnataka,Bangalore,8860145b11fffff,8960145b10fffff,SYNTHETIC_REFERENCE
ATM000066,22.553913,88.414981,West Bengal,Kolkata,883cf2c6e5fffff,893cf2c6e47ffff,SYNTHETIC_REFERENCE
ATM000067,28.60897,77.182468,Uttar Pradesh,Delhi,883da11733fffff,893da117333ffff,SYNTHETIC_REFERENCE
ATM000068,26.908002,75.789707,Rajasthan,Jaipur,883da218e3fffff,893da218e37ffff,SYNTHETIC_REFERENCE
ATM000069,19.119043,72.976629,Maharashtra,Mumbai,88608b5711fffff,89608b5710bffff,SYNTHETIC_REFERENCE
ATM000070,26.858175,80.974255,Uttar Pradesh,Lucknow,883d8dcc21fffff,893d8dcc21bffff,SYNTHETIC_REFERENCE
ATM000071,23.021708,72.565665,Rajasthan,Ahmedabad,8842ceb593fffff,8942ceb5937ffff,SYNTHETIC_REFERENCE
ATM000072,28.593762,77.198624,Uttar Pradesh,Delhi,883da11551fffff,893da115507ffff,SYNTHETIC_REFERENCE
ATM000073,19.133754,72.863502,Maharashtra,Mumbai,88608b54b7fffff,89608b54b77ffff,SYNTHETIC_REFERENCE
ATM000074,26.921894,75.756775,Rajasthan,Jaipur,883da21819fffff,893da21818fffff,SYNTHETIC_REFERENCE
ATM000075,23.066376,72.584184,Rajasthan,Ahmedabad,8842ceb497fffff,8942ceb490fffff,SYNTHETIC_REFERENCE
ATM000076,23.062425,72.557498,Rajasthan,Ahmedabad,8842ceb481fffff,8942ceb4813ffff,SYNTHETIC_REFERENCE
ATM000077,23.063783,72.47557,Rajasthan,Ahmedabad,8842ceb441fffff,8942ceb4403ffff,SYNTHETIC_REFERENCE
ATM000078,19.078939,72.900437,Maharashtra,Mumbai,88608b56b9fffff,89608b56b8bffff,SYNTHETIC_REFERENCE
ATM000079,17.360697,78.465667,Maharashtra,Hyderabad,8860a25a25fffff,8960a25a247ffff,SYNTHETIC_REFERENCE
ATM000080,28.706243,77.043107,Uttar Pradesh,Delhi,883da18c6dfffff,893da18c6d7ffff,SYNTHETIC_REFERENCE
ATM000081,26.906123,75.795673,Rajasthan,Jaipur,883da21885fffff,893da21885bffff,SYNTHETIC_REFERENCE
ATM000082,18.522751,73.842059,Maharashtra,Pune,88608850e1fffff,89608850e03ffff,SYNTHETIC_REFERENCE
ATM000083,17.399543,78.455948,Maharashtra,Hyderabad,8860a25865fffff,8960a258643ffff,SYNTHETIC_REFERENCE
ATM000084,19.071533,72.869708,Maharashtra,Mumbai,88608b0b63fffff,89608b0b633ffff,SYNTHETIC_REFERENCE
ATM000085,17.359365,78.460521,Maharashtra,Hyderabad,8860a25a27fffff,8960a25a277ffff,SYNTHETIC_REFERENCE
ATM000086,17.375575,78.481024,Maharashtra,Hyderabad,8860a25b1dfffff,8960a25b1d3ffff,SYNTHETIC_REFERENCE
ATM000087,23.01565,72.474393,Rajasthan,Ahmedabad,8842ceb557fffff,8942ceb557bffff,SYNTHETIC_REFERENCE
ATM000088,18.520938,73.861662,Maharashtra,Pune,8860885015fffff,8960885014fffff,SYNTHETIC_REFERENCE
ATM000089,26.948501,75.793125,Rajasthan,Jaipur,883da21ab3fffff,893da21ab3bffff,SYNTHETIC_REFERENCE
ATM000090,13.049651,80.242714,Tamil Nadu,Chennai,88618c4f21fffff,89618c4f20bffff,SYNTHETIC_REFERENCE
ATM000091,28.618201,77.251006,Uttar Pradesh,Delhi,883da1143bfffff,893da1143afffff,SYNTHETIC_REFERENCE
ATM000092,22.997433,72.552254,Gujarat,Ahmedabad,8842ceb5b1fffff,8942ceb5b1bffff,SYNTHETIC_REFERENCE
ATM000093,23.029569,72.570451,Rajasthan,Ahmedabad,8842cea64dfffff,8942cea64c7ffff,SYNTHETIC_REFERENCE
ATM000094,22.563566,88.33554,West Bengal,Kolkata,883cf2d5bbfffff,893cf2d596bffff,SYNTHETIC_REFERENCE
ATM000095,22.97189,72.597904,Gujarat,Ahmedabad,8842cea717fffff,8942cea7173ffff,SYNTHETIC_REFERENCE
ATM000096,12.997176,80.037103,Tamil Nadu,Chennai,88618c782dfffff,89618c782c3ffff,SYNTHETIC_REFERENCE
ATM000097,22.5771,88.368633,West Bengal,Kolkata,883cf2c609fffff,893cf2c6093ffff,SYNTHETIC_REFERENCE
ATM000098,13.075527,80.222829,Tamil Nadu,Chennai,88618c4d6bfffff,89618c4d6b7ffff,SYNTHETIC_REFERENCE
ATM000099,19.074876,72.885775,Maharashtra,Mumbai,88608b0b6dfffff,89608b0b6dbffff,SYNTHETIC_REFERENCE
ATM000100,28.758372,77.307181,Uttar Pradesh,Delhi,883da1b8a1fffff,893da1b8a1bffff,SYNTHETIC_REFERENCE
ATM000101,19.088534,72.912681,Maharashtra,Mumbai,88608b56a1fffff,89608b56a07ffff,SYNTHETIC_REFERENCE
ATM000102,18.522878,73.877548,Maharashtra,Pune,8860885007fffff,89608850073ffff,SYNTHETIC_REFERENCE
ATM000103,17.424733,78.506408,Maharashtra,Hyderabad,8860b52c99fffff,8960b52c99bffff,SYNTHETIC_REFERENCE
ATM000104,22.652123,88.402763,West Bengal,Kolkata,883cf28b37fffff,893cf28b377ffff,SYNTHETIC_REFERENCE
ATM000105,26.849851,80.978111,Uttar Pradesh,Lucknow,883d8dcd1bfffff,893d8dcd1b7ffff,SYNTHETIC_REFERENCE
ATM000106,13.017962,77.549752,Karnataka,Bangalore,8860145b37fffff,8960145b36fffff,SYNTHETIC_REFERENCE
ATM000107,13.06232,80.26554,Tamil Nadu,Chennai,88618c48d5fffff,89618c48d47ffff,SYNTHETIC_REFERENCE
ATM000108,22.998227,72.617848,Gujarat,Ahmedabad,8842cea635fffff,8942cea634fffff,SYNTHETIC_REFERENCE
ATM000109,13.036888,77.591547,Karnataka,Bangalore,8861892c9dfffff,8961892c9c3ffff,SYNTHETIC_REFERENCE
ATM000110,18.965846,72.83372,Maharashtra,Mumbai,88608b1897fffff,89608b1897bffff,SYNTHETIC_REFERENCE
ATM000111,12.968374,77.594827,Karnataka,Bangalore,8860145b49fffff,8960145b497ffff,SYNTHETIC_REFERENCE
ATM000112,28.395253,77.106158,Uttar Pradesh,Delhi,883da118a3fffff,893da118a33ffff,SYNTHETIC_REFERENCE
ATM000113,26.866034,80.989068,Uttar Pradesh,Lucknow,883d8dcc3dfffff,893d8dcc3dbffff,SYNTHETIC_REFERENCE
ATM000114,26.920368,75.816469,Rajasthan,Jaipur,883da2189dfffff,893da2189cbffff,SYNTHETIC_REFERENCE
ATM000115,18.542074,73.873182,Maharashtra,Pune,8860885023fffff,8960885022fffff,SYNTHETIC_REFERENCE
ATM000116,26.912594,75.769804,Rajasthan,Jaipur,883da21817fffff,893da218167ffff,SYNTHETIC_REFERENCE
ATM000117,26.882946,75.731975,Rajasthan,Jaipur,883da21825fffff,893da218257ffff,SYNTHETIC_REFERENCE
ATM000118,28.631959,77.198927,Uttar Pradesh,Delhi,883da11445fffff,893da114457ffff,SYNTHETIC_REFERENCE
ATM000119,26.907208,75.79094,Rajasthan,Jaipur,883da218e3fffff,893da218e23ffff,SYNTHETIC_REFERENCE
ATM000120,22.713912,88.356788,West Bengal,Kolkata,883cf29987fffff,893cf29986fffff,SYNTHETIC_REFERENCE
ATM000121,26.84777,75.768526,Rajasthan,Jaipur,883da219a9fffff,893da219a83ffff,SYNTHETIC_REFERENCE
ATM000122,26.877196,75.78183,Rajasthan,Jaipur,883da219d7fffff,893da219d63ffff,SYNTHETIC_REFERENCE
ATM000123,17.456422,78.53392,Maharashtra,Hyderabad,8860b52ca9fffff,8960b52cad7ffff,SYNTHETIC_REFERENCE
ATM000124,28.704993,77.316249,Uttar Pradesh,Delhi,883da1ab5dfffff,893da1ab5d7ffff,SYNTHETIC_REFERENCE
ATM000125,12.986766,77.519721,Karnataka,Bangalore,8860145809fffff,89601458083ffff,SYNTHETIC_REFERENCE
ATM000126,13.101965,80.274502,Tamil Nadu,Chennai,88618c48a1fffff,89618c48a0bffff,SYNTHETIC_REFERENCE
ATM000127,26.91068,75.804931,Rajasthan,Jaipur,883da21881fffff,893da21880bffff,SYNTHETIC_REFERENCE
ATM000128,26.996634,75.84528,Rajasthan,Jaipur,883da2022dfffff,893da2022d3ffff,SYNTHETIC_REFERENCE
ATM000129,19.045101,72.866507,Maharashtra,Mumbai,88608b0b4bfffff,89608b0b4a3ffff,SYNTHETIC_REFERENCE
ATM000130,22.547513,88.384864,West Bengal,Kolkata,883cf2c635fffff,893cf2c6353ffff,SYNTHETIC_REFERENCE
ATM000131,13.051472,80.246298,Tamil Nadu,Chennai,88618c4f25fffff,89618c4f257ffff,SYNTHETIC_REFERENCE
ATM000132,13.007982,77.573516,Karnataka,Bangalore,8860145b2bfffff,8960145b2a3ffff,SYNTHETIC_REFERENCE
ATM000133,28.756558,77.200992,Uttar Pradesh,Delhi,883da1bb31fffff,893da1bb30fffff,SYNTHETIC_REFERENCE
ATM000134,17.426179,78.648759,Maharashtra,Hyderabad,8860b52f43fffff,8960b52f42fffff,SYNTHETIC_REFERENCE
ATM000135,26.892492,80.992735,Uttar Pradesh,Lucknow,883d8dcc1dfffff,893d8dcc1d3ffff,SYNTHETIC_REFERENCE
ATM000136,17.292831,78.576986,Maharashtra,Hyderabad,8860b5246dfffff,8960b5246cfffff,SYNTHETIC_REFERENCE
ATM000137,22.632701,88.293444,West Bengal,Kolkata,883cf2d41dfffff,893cf2d41d7ffff,SYNTHETIC_REFERENCE
ATM000138,23.027062,72.553824,Rajasthan,Ahmedabad,8842ceb599fffff,8942ceb5987ffff,SYNTHETIC_REFERENCE
ATM000139,17.411983,78.502757,Maharashtra,Hyderabad,8860a25b2dfffff,8960a25b253ffff,SYNTHETIC_REFERENCE
ATM000140,26.86672,80.989401,Uttar Pradesh,Lucknow,883d8dcc3dfffff,893d8dcc3dbffff,SYNTHETIC_REFERENCE
ATM000141,26.771236,81.070113,Uttar Pradesh,Lucknow,883d8d5731fffff,893d8d5730bffff,SYNTHETIC_REFERENCE
ATM000142,12.906499,77.511731,Karnataka,Bangalore,886014512bfffff,896014512afffff,SYNTHETIC_REFERENCE
ATM000143,13.154833,80.351073,Unknown,Chennai,88618c4935fffff,89618e86c97ffff,SYNTHETIC_REFERENCE
ATM000144,17.420364,78.467456,Maharashtra,Hyderabad,8860a25943fffff,8960a259427ffff,SYNTHETIC_REFERENCE
ATM000145,12.903931,77.538931,Karnataka,Bangalore,8860145165fffff,89601451643ffff,SYNTHETIC_REFERENCE
ATM000146,19.104535,72.937108,Maharashtra,Mumbai,88608b5455fffff,89608b54547ffff,SYNTHETIC_REFERENCE
ATM000147,18.514284,73.861457,Maharashtra,Pune,8860885015fffff,89608850157ffff,SYNTHETIC_REFERENCE
ATM000148,22.570438,88.367048,West Bengal,Kolkata,883cf2c60dfffff,893cf2c60d7ffff,SYNTHETIC_REFERENCE
ATM000149,19.088874,72.880229,Maharashtra,Mumbai,88608b54d9fffff,89608b54d87ffff,SYNTHETIC_REFERENCE
ATM000150,13.018481,77.582743,Karnataka,Bangalore,8860145b2dfffff,8960145b2cfffff,SYNTHETIC_REFERENCE
ATM000151,26.866889,80.942138,Uttar Pradesh,Lucknow,883d8dcf33fffff,893d8dcf333ffff,SYNTHETIC_REFERENCE
ATM000152,12.955999,77.634128,Karnataka,Bangalore,8861892533fffff,89618925327ffff,SYNTHETIC_REFERENCE
ATM000153,28.606237,77.212533,Uttar Pradesh,Delhi,883da11429fffff,893da11428bffff,SYNTHETIC_REFERENCE
ATM000154,13.07469,80.259578,Tamil Nadu,Chennai,88618c4883fffff,89618c48837ffff,SYNTHETIC_REFERENCE
ATM000155,26.819419,80.918122,Uttar Pradesh,Lucknow,883d8dcd6dfffff,893d8dcd6cfffff,SYNTHETIC_REFERENCE
ATM000156,12.974189,77.597177,Karnataka,Bangalore,8860145b49fffff,8960145b4d7ffff,SYNTHETIC_REFERENCE
ATM000157,18.525313,73.828373,Maharashtra,Pune,8860885085fffff,8960885085bffff,SYNTHETIC_REFERENCE
ATM000158,23.211772,72.649484,Rajasthan,Ahmedabad,8842cc6115fffff,8942cc6115bffff,SYNTHETIC_REFERENCE
ATM000159,13.038484,77.619918,Karnataka,Bangalore,8861892cc7fffff,8961892cc7bffff,SYNTHETIC_REFERENCE
ATM000160,23.035214,72.569634,Rajasthan,Ahmedabad,8842cea649fffff,8942cea6493ffff,SYNTHETIC_REFERENCE
ATM000161,17.389855,78.49333,Maharashtra,Hyderabad,8860a25b05fffff,8960a25b057ffff,SYNTHETIC_REFERENCE
ATM000162,18.518428,73.861766,Maharashtra,Pune,8860885015fffff,8960885014fffff,SYNTHETIC_REFERENCE
ATM000163,18.518973,73.854152,Maharashtra,Pune,8860885017fffff,8960885016fffff,SYNTHETIC_REFERENCE
ATM000164,22.330881,88.348459,West Bengal,Kolkata,883cf2cc25fffff,893cf2cc253ffff,SYNTHETIC_REFERENCE
ATM000165,19.109564,72.794454,Maharashtra,Mumbai,88608b09e9fffff,89608b09e97ffff,SYNTHETIC_REFERENCE
ATM000166,26.899837,75.82397,Rajasthan,Jaipur,883da218b1fffff,893da218b0bffff,SYNTHETIC_REFERENCE
ATM000167,17.352225,78.481108,Maharashtra,Hyderabad,8860a25b5bfffff,8960a25b5b7ffff,SYNTHETIC_REFERENCE
ATM000168,28.725022,77.344885,Uttar Pradesh,Delhi,883da1aa05fffff,893da1aa05bffff,SYNTHETIC_REFERENCE
ATM000169,19.057516,72.884384,Maharashtra,Mumbai,88608b5693fffff,89608b56937ffff,SYNTHETIC_REFERENCE
ATM000170,22.553571,88.387048,West Bengal,Kolkata,883cf2c63dfffff,893cf2c63c7ffff,SYNTHETIC_REFERENCE
ATM000171,18.547814,73.80163,Maharashtra,Pune,8860884243fffff,89608842437ffff,SYNTHETIC_REFERENCE
ATM000172,19.076121,72.876953,Maharashtra,Mumbai,88608b0b61fffff,89608b0b61bffff,SYNTHETIC_REFERENCE
ATM000173,22.542413,88.383267,West Bengal,Kolkata,883cf2c635fffff,893cf2c635bffff,SYNTHETIC_REFERENCE
ATM000174,12.989886,77.596224,Karnataka,Bangalore,8860145b45fffff,8960145b44bffff,SYNTHETIC_REFERENCE
ATM000175,18.520428,73.850029,Maharashtra,Pune,88608850edfffff,89608850ed7ffff,SYNTHETIC_REFERENCE
ATM000176,28.596304,77.204453,Uttar Pradesh,Delhi,883da11553fffff,893da115537ffff,SYNTHETIC_REFERENCE
ATM000177,18.532362,73.857995,Maharashtra,Pune,8860885033fffff,8960885033bffff,SYNTHETIC_REFERENCE
ATM000178,17.480737,78.471675,Maharashtra,Hyderabad,8860b19611fffff,8960b196103ffff,SYNTHETIC_REFERENCE
ATM000179,26.870273,80.940229,Uttar Pradesh,Lucknow,883d8dcf3bfffff,893d8dcf3afffff,SYNTHETIC_REFERENCE
ATM000180,28.65986,77.252071,Uttar Pradesh,Delhi,883da116abfffff,893da116aabffff,SYNTHETIC_REFERENCE
ATM000181,17.278144,78.520006,Maharashtra,Hyderabad,8860b52413fffff,8960b52412bffff,SYNTHETIC_REFERENCE
ATM000182,28.654923,77.242018,Uttar Pradesh,Delhi,883da116adfffff,893da116ac7ffff,SYNTHETIC_REFERENCE
ATM000183,26.855288,80.959793,Uttar Pradesh,Lucknow,883d8dcd53fffff,893d8dcd533ffff,SYNTHETIC_REFERENCE
ATM000184,26.910157,75.761039,Rajasthan,Jaipur,883da21817fffff,893da21817bffff,SYNTHETIC_REFERENCE
ATM000185,12.950638,77.615678,Karnataka,Bangalore,88618925e3fffff,89618925e2bffff,SYNTHETIC_REFERENCE
ATM000186,18.453185,73.875353,Maharashtra,Pune,88608852cdfffff,89608852cc3ffff,SYNTHETIC_REFERENCE
ATM000187,26.99899,75.708425,Rajasthan,Jaipur,883da21163fffff,893da211633ffff,SYNTHETIC_REFERENCE
ATM000188,22.577693,88.342474,West Bengal,Kolkata,883cf2d593fffff,893cf2d5937ffff,SYNTHETIC_REFERENCE
ATM000189,22.561243,88.332911,West Bengal,Kolkata,883cf2d5bbfffff,893cf2d5ba3ffff,SYNTHETIC_REFERENCE
ATM000190,12.96877,77.70691,Karnataka,Bangalore,8861892e4bfffff,8961892e4b3ffff,SYNTHETIC_REFERENCE
ATM000191,19.278395,72.930734,Maharashtra,Mumbai,88608b40e1fffff,89608b40e0fffff,SYNTHETIC_REFERENCE
ATM000192,26.87663,75.796793,Rajasthan,Jaipur,883da21999fffff,893da21998fffff,SYNTHETIC_REFERENCE
ATM000193,26.803307,80.870522,Uttar Pradesh,Lucknow,883d8dc8adfffff,893d8dc8acfffff,SYNTHETIC_REFERENCE
ATM000194,18.492068,73.822872,Maharashtra,Pune,88608850ddfffff,89608850dc7ffff,SYNTHETIC_REFERENCE
ATM000195,17.424976,78.505646,Maharashtra,Hyderabad,8860b52c99fffff,8960b52c98bffff,SYNTHETIC_REFERENCE
ATM000196,17.432004,78.554943,Maharashtra,Hyderabad,8860b52c13fffff,8960b52c13bffff,SYNTHETIC_REFERENCE
ATM000197,22.971941,72.566731,Gujarat,Ahmedabad,8842cea709fffff,8942cea7083ffff,SYNTHETIC_REFERENCE
ATM000198,26.915075,75.787924,Rajasthan,Jaipur,883da218ebfffff,893da218ea7ffff,SYNTHETIC_REFERENCE
ATM000199,26.911435,75.784052,Rajasthan,Jaipur,883da218ebfffff,893da218ea3ffff,SYNTHETIC_REFERENCE
ATM000200,23.023493,72.571257,Rajasthan,Ahmedabad,8842cea645fffff,8942cea6453ffff,SYNTHETIC_REFERENCE
ATM000201,18.577846,73.839899,Maharashtra,Pune,88608851b9fffff,89608851b8bffff,SYNTHETIC_REFERENCE
ATM000202,19.056909,72.904641,Maharashtra,Mumbai,88608b56d7fffff,89608b56d6bffff,SYNTHETIC_REFERENCE
ATM000203,28.548602,77.31194,Uttar Pradesh,Delhi,883da10753fffff,893da10752bffff,SYNTHETIC_REFERENCE
ATM000204,26.90811,75.779994,Rajasthan,Jaipur,883da218e1fffff,893da218e17ffff,SYNTHETIC_REFERENCE
ATM000205,18.522135,73.861359,Maharashtra,Pune,886088503bfffff,896088503b3ffff,SYNTHETIC_REFERENCE
ATM000206,19.006631,72.761853,Maharashtra,Mumbai,88608b0a83fffff,89608b0a837ffff,SYNTHETIC_REFERENCE
ATM000207,28.61385,77.210797,Uttar Pradesh,Delhi,883da11463fffff,893da11462fffff,SYNTHETIC_REFERENCE
ATM000208,18.654278,73.937387,Maharashtra,Pune,8860885a27fffff,8960885a26bffff,SYNTHETIC_REFERENCE
ATM000209,19.038898,73.01173,Maharashtra,Mumbai,88608bcce7fffff,89608bcce67ffff,SYNTHETIC_REFERENCE
ATM000210,28.588476,77.180048,Uttar Pradesh,Delhi,883da11543fffff,893da115437ffff,SYNTHETIC_REFERENCE
ATM000211,22.574917,88.371263,West Bengal,Kolkata,883cf2c609fffff,893cf2c6083ffff,SYNTHETIC_REFERENCE
ATM000212,18.469802,73.81032,Maharashtra,Pune,8860885761fffff,896088576abffff,SYNTHETIC_REFERENCE
ATM000213,18.499013,73.828868,Maharashtra,Pune,88608850c3fffff,89608850c37ffff,SYNTHETIC_REFERENCE
ATM000214,13.171904,77.64936,Karnataka,Bangalore,88601692b5fffff,89601692b47ffff,SYNTHETIC_REFERENCE
ATM000215,23.027689,72.554877,Rajasthan,Ahmedabad,8842ceb59bfffff,8942ceb59b3ffff,SYNTHETIC_REFERENCE
ATM000216,13.02672,77.586896,Karnataka,Bangalore,8861892c99fffff,8961892c997ffff,SYNTHETIC_REFERENCE
ATM000217,17.313264,78.444172,Maharashtra,Hyderabad,8860a25a53fffff,8960a25a52fffff,SYNTHETIC_REFERENCE
ATM000218,23.041162,72.522732,Rajasthan,Ahmedabad,8842ceb433fffff,8942ceb433bffff,SYNTHETIC_REFERENCE
ATM000219,18.532856,73.871096,Maharashtra,Pune,886088503dfffff,896088503c3ffff,SYNTHETIC_REFERENCE
ATM000220,26.920224,75.782524,Rajasthan,Jaipur,883da218c5fffff,893da218c47ffff,SYNTHETIC_REFERENCE
ATM000221,18.502354,73.876285,Maharashtra,Pune,8860885055fffff,89608850547ffff,SYNTHETIC_REFERENCE
ATM000222,22.525504,88.384588,West Bengal,Kolkata,883cf2c445fffff,893cf2c440bffff,SYNTHETIC_REFERENCE
ATM000223,19.09917,72.868837,Maharashtra,Mumbai,88608b5499fffff,89608b54993ffff,SYNTHETIC_REFERENCE
ATM000224,17.394518,78.496545,Maharashtra,Hyderabad,8860a25b05fffff,8960a25b05bffff,SYNTHETIC_REFERENCE
ATM000225,13.01912,77.552399,Karnataka,Bangalore,8860145b37fffff,8960145b36bffff,SYNTHETIC_REFERENCE
ATM000226,12.949325,77.69538,Karnataka,Bangalore,88618920bbfffff,896189256dbffff,SYNTHETIC_REFERENCE
ATM000227,26.890371,80.889259,Uttar Pradesh,Lucknow,883d8dcf4dfffff,893d8dcf4c7ffff,SYNTHETIC_REFERENCE
ATM000228,17.400198,78.478105,Maharashtra,Hyderabad,8860a25b3dfffff,8960a25b3c7ffff,SYNTHETIC_REFERENCE
ATM000229,26.912702,75.762142,Rajasthan,Jaipur,883da21817fffff,893da218173ffff,SYNTHETIC_REFERENCE
ATM000230,18.551996,73.805276,Maharashtra,Pune,8860884243fffff,8960884243bffff,SYNTHETIC_REFERENCE
ATM000231,23.030932,72.519617,Rajasthan,Ahmedabad,8842ceb5cbfffff,8942ceb5cb7ffff,SYNTHETIC_REFERENCE
ATM000232,22.591691,88.405271,West Bengal,Kolkata,883cf28927fffff,893cf289273ffff,SYNTHETIC_REFERENCE
ATM000233,22.72165,88.348446,West Bengal,Kolkata,883cf29981fffff,893cf29980bffff,SYNTHETIC_REFERENCE
ATM000234,13.092352,80.27267,Tamil Nadu,Chennai,88618c48abfffff,89618c48abbffff,SYNTHETIC_REFERENCE
ATM000235,28.679568,77.290288,Uttar Pradesh,Delhi,883da1ab69fffff,893da1ab683ffff,SYNTHETIC_REFERENCE
ATM000236,23.027457,72.560326,Rajasthan,Ahmedabad,8842ceb59bfffff,8942ceb59a3ffff,SYNTHETIC_REFERENCE
ATM000237,12.862062,77.589849,Karnataka,Bangalore,88618926b5fffff,89618926b4bffff,SYNTHETIC_REFERENCE
ATM000238,19.068429,72.80416,Maharashtra,Mumbai,88608b0805fffff,89608b08053ffff,SYNTHETIC_REFERENCE
ATM000239,18.493111,73.838917,Maharashtra,Pune,88608850c9fffff,89608850c87ffff,SYNTHETIC_REFERENCE
ATM000240,28.595658,77.276843,Uttar Pradesh,Delhi,883da11599fffff,893da115993ffff,SYNTHETIC_REFERENCE
ATM000241,26.819187,80.86985,Uttar Pradesh,Lucknow,883d8dc8e3fffff,893d8dc8e23ffff,SYNTHETIC_REFERENCE
ATM000242,26.813291,80.903438,Uttar Pradesh,Lucknow,883d8dc8b1fffff,893d8dc8b0fffff,SYNTHETIC_REFERENCE
ATM000243,26.858911,80.968057,Uttar Pradesh,Lucknow,883d8dcc2dfffff,893d8dcc2c3ffff,SYNTHETIC_REFERENCE
ATM000244,17.401935,78.488042,Maharashtra,Hyderabad,8860a25b2bfffff,8960a25b2afffff,SYNTHETIC_REFERENCE
ATM000245,19.016432,72.454941,Unknown,Mumbai,88608b2b5bfffff,89608b2b5bbffff,SYNTHETIC_REFERENCE
ATM000246,26.861978,80.959065,Uttar Pradesh,Lucknow,883d8dcd5bfffff,893d8dcd5b7ffff,SYNTHETIC_REFERENCE
ATM000247,13.086806,80.257992,Tamil Nadu,Chennai,88618c48b9fffff,89618c48b9bffff,SYNTHETIC_REFERENCE
ATM000248,26.802356,80.928955,Uttar Pradesh,Lucknow,883d8d5253fffff,893d8d5253bffff,SYNTHETIC_REFERENCE
ATM000249,26.841417,80.941414,Uttar Pradesh,Lucknow,883d8dcd43fffff,893d8dcd42fffff,SYNTHETIC_REFERENCE
ATM000250,26.878166,75.835673,Rajasthan,Jaipur,883da20a09fffff,893da20a097ffff,SYNTHETIC_REFERENCE
ATM000251,12.971704,77.593892,Karnataka,Bangalore,8860145b49fffff,8960145b483ffff,SYNTHETIC_REFERENCE
ATM000252,17.385149,78.484749,Maharashtra,Hyderabad,8860a25b03fffff,8960a25b033ffff,SYNTHETIC_REFERENCE
ATM000253,26.911782,75.777886,Rajasthan,Jaipur,883da218e9fffff,893da218e87ffff,SYNTHETIC_REFERENCE
ATM000254,17.411527,78.479503,Maharashtra,Hyderabad,8860a25b35fffff,8960a25b34bffff,SYNTHETIC_REFERENCE
ATM000255,28.608391,77.221172,Uttar Pradesh,Delhi,883da1142bfffff,893da1142bbffff,SYNTHETIC_REFERENCE
ATM000256,22.534389,88.478774,West Bengal,Kolkata,883cf2c4d1fffff,893cf2c4d0fffff,SYNTHETIC_REFERENCE
ATM000257,26.863501,80.946574,Uttar Pradesh,Lucknow,883d8dcf33fffff,893d8dcf32fffff,SYNTHETIC_REFERENCE
ATM000258,18.465463,73.876245,Maharashtra,Pune,88608852e9fffff,89608852e97ffff,SYNTHETIC_REFERENCE
ATM000259,22.609588,88.329592,West Bengal,Kolkata,883cf2d4e3fffff,893cf2d4e2bffff,SYNTHETIC_REFERENCE
ATM000260,19.038881,72.909863,Maharashtra,Mumbai,88608b56d9fffff,89608b56d87ffff,SYNTHETIC_REFERENCE
ATM000261,18.519951,73.856856,Maharashtra,Pune,8860885017fffff,8960885016bffff,SYNTHETIC_REFERENCE
ATM000262,26.835466,80.934923,Uttar Pradesh,Lucknow,883d8dcd47fffff,893d8dcd46bffff,SYNTHETIC_REFERENCE
ATM000263,28.616003,77.200996,Uttar Pradesh,Delhi,883da11461fffff,893da114607ffff,SYNTHETIC_REFERENCE
ATM000264,22.542944,88.343855,West Bengal,Kolkata,883cf2c759fffff,893cf2c758fffff,SYNTHETIC_REFERENCE
ATM000265,26.910492,75.784893,Rajasthan,Jaipur,883da218ebfffff,893da218eabffff,SYNTHETIC_REFERENCE
ATM000266,22.990552,72.551622,Gujarat,Ahmedabad,8842ceb5b5fffff,8942ceb5b43ffff,SYNTHETIC_REFERENCE
ATM000267,18.481432,73.840701,Maharashtra,Pune,88608852bdfffff,89608852bcfffff,SYNTHETIC_REFERENCE
ATM000268,22.990271,72.499586,Gujarat,Ahmedabad,8842ceb533fffff,8942ceb532bffff,SYNTHETIC_REFERENCE
ATM000269,17.372032,78.595549,Maharashtra,Hyderabad,8860b52e19fffff,8960b52e193ffff,SYNTHETIC_REFERENCE
ATM000270,12.967198,77.594054,Karnataka,Bangalore,8860145b49fffff,8960145b497ffff,SYNTHETIC_REFERENCE
ATM000271,26.92564,75.792896,Rajasthan,Jaipur,883da218c3fffff,893da218c2bffff,SYNTHETIC_REFERENCE
ATM000272,26.921613,75.738626,Rajasthan,Jaipur,883da21855fffff,893da21854fffff,SYNTHETIC_REFERENCE
ATM000273,26.918287,75.758512,Rajasthan,Jaipur,883da21811fffff,893da218103ffff,SYNTHETIC_REFERENCE
ATM000274,26.841668,80.949358,Uttar Pradesh,Lucknow,883d8dcd55fffff,893d8dcd54bffff,SYNTHETIC_REFERENCE
ATM000275,22.558527,88.393294,West Bengal,Kolkata,883cf2c63bfffff,893cf2c63bbffff,SYNTHETIC_REFERENCE
ATM000276,22.584406,88.371687,West Bengal,Kolkata,883cf2c655fffff,893cf2c6553ffff,SYNTHETIC_REFERENCE
ATM000277,22.974263,72.533421,Gujarat,Ahmedabad,8842cea29bfffff,8942cea29abffff,SYNTHETIC_REFERENCE
ATM000278,18.641479,73.85567,Maharashtra,Pune,88608858d9fffff,89608858d9bffff,SYNTHETIC_REFERENCE
ATM000279,23.00765,72.550164,Rajasthan,Ahmedabad,8842ceb5b9fffff,8942ceb5b97ffff,SYNTHETIC_REFERENCE
ATM000280,22.977638,72.514253,Gujarat,Ahmedabad,8842cea2d1fffff,8942cea2d0fffff,SYNTHETIC_REFERENCE
ATM000281,26.925951,75.801387,Rajasthan,Jaipur,883da218d5fffff,893da218d4bffff,SYNTHETIC_REFERENCE
ATM000282,17.400508,78.461322,Maharashtra,Hyderabad,8860a25b33fffff,8960a25b327ffff,SYNTHETIC_REFERENCE
ATM000283,17.337249,78.462732,Maharashtra,Hyderabad,8860a25a05fffff,8960a25a057ffff,SYNTHETIC_REFERENCE
ATM000284,19.092169,72.91718,Maharashtra,Mumbai,88608b56a1fffff,89608b56a03ffff,SYNTHETIC_REFERENCE
ATM000285,22.572275,88.365336,West Bengal,Kolkata,883cf2c60dfffff,893cf2c60d7ffff,SYNTHETIC_REFERENCE
ATM000286,19.234232,72.903647,Maharashtra,Mumbai,88608b4767fffff,89608b4767bffff,SYNTHETIC_REFERENCE
ATM000287,13.077317,80.309969,Unknown,Chennai,88618c4815fffff,89618c48143ffff,SYNTHETIC_REFERENCE
ATM000288,22.527112,88.521217,West Bengal,Kolkata,883cf21141fffff,893cf211407ffff,SYNTHETIC_REFERENCE
ATM000289,12.970037,77.62845,Karnataka,Bangalore,8861892ed1fffff,8961892ed03ffff,SYNTHETIC_REFERENCE
ATM000290,22.642297,88.286782,West Bengal,Kolkata,883cf2d451fffff,893cf2d450fffff,SYNTHETIC_REFERENCE
ATM000291,19.132966,73.019978,Maharashtra,Mumbai,88608b5761fffff,89608b5761bffff,SYNTHETIC_REFERENCE
ATM000292,19.018776,72.894284,Maharashtra,Mumbai,88608b198dfffff,89608b198dbffff,SYNTHETIC_REFERENCE
ATM000293,26.914018,75.789519,Rajasthan,Jaipur,883da2188dfffff,893da218ea7ffff,SYNTHETIC_REFERENCE
ATM000294,17.379323,78.444358,Maharashtra,Hyderabad,8860a25847fffff,8960a25846bffff,SYNTHETIC_REFERENCE
ATM000295,28.523725,77.252088,Uttar Pradesh,Delhi,883da10295fffff,893da10294fffff,SYNTHETIC_REFERENCE
ATM000296,22.573908,88.353947,West Bengal,Kolkata,883cf2c645fffff,893cf2c644fffff,SYNTHETIC_REFERENCE
ATM000297,23.017973,72.566468,Rajasthan,Ahmedabad,8842ceb593fffff,8942ceb592fffff,SYNTHETIC_REFERENCE
ATM000298,12.972554,77.528251,Karnataka,Bangalore,886014584bfffff,896014584a3ffff,SYNTHETIC_REFERENCE
ATM000299,18.523091,73.856089,Maharashtra,Pune,886088503bfffff,896088503a7ffff,SYNTHETIC_REFERENCE
ATM000300,19.10389,72.889057,Maharashtra,Mumbai,88608b54c3fffff,89608b54c27ffff,SYNTHETIC_REFERENCE
ATM000301,19.074128,72.904889,Maharashtra,Mumbai,88608b5687fffff,89608b56867ffff,SYNTHETIC_REFERENCE
ATM000302,22.585866,88.354691,West Bengal,Kolkata,883cf2c641fffff,893cf2c6413ffff,SYNTHETIC_REFERENCE
ATM000303,22.562444,88.446366,West Bengal,Kolkata,883cf2c687fffff,893cf2c6877ffff,SYNTHETIC_REFERENCE
ATM000304,18.455989,73.879057,Maharashtra,Pune,88608852cdfffff,89608852cdbffff,SYNTHETIC_REFERENCE
ATM000305,23.050533,72.584027,Rajasthan,Ahmedabad,8842ceb4b3fffff,8942ceb4b33ffff,SYNTHETIC_REFERENCE
ATM000306,26.849273,80.947546,Uttar Pradesh,Lucknow,883d8dcd5dfffff,893d8dcd5cfffff,SYNTHETIC_REFERENCE
ATM000307,22.579725,88.359146,West Bengal,Kolkata,883cf2c641fffff,893cf2c640fffff,SYNTHETIC_REFERENCE
ATM000308,17.353946,78.480278,Maharashtra,Hyderabad,8860a25b5bfffff,8960a25b5b7ffff,SYNTHETIC_REFERENCE
ATM000309,22.963658,72.662935,Gujarat,Ahmedabad,8842cea433fffff,8942cea433bffff,SYNTHETIC_REFERENCE
ATM000310,13.036666,77.603157,Karnataka,Bangalore,8861892c8bfffff,8961892c8b3ffff,SYNTHETIC_REFERENCE
ATM000311,13.126105,80.259638,Tamil Nadu,Chennai,88618eb245fffff,89618eb244bffff,SYNTHETIC_REFERENCE
ATM000312,19.080447,72.876028,Maharashtra,Mumbai,88608b0b65fffff,89608b0b647ffff,SYNTHETIC_REFERENCE
ATM000313,19.05238,72.891988,Maharashtra,Mumbai,88608b5699fffff,89608b56987ffff,SYNTHETIC_REFERENCE
ATM000314,26.829812,80.787912,Uttar Pradesh,Lucknow,883d8dc845fffff,893d8dc845bffff,SYNTHETIC_REFERENCE
ATM000315,26.910435,75.829752,Rajasthan,Jaipur,883da218bbfffff,893da218ba3ffff,SYNTHETIC_REFERENCE
ATM000316,18.531989,73.894386,Maharashtra,Pune,8860885067fffff,89608850667ffff,SYNTHETIC_REFERENCE
ATM000317,12.8952,80.314457,Unknown,Chennai,88618c4049fffff,89618c40483ffff,SYNTHETIC_REFERENCE
ATM000318,28.589007,77.185888,Uttar Pradesh,Delhi,883da1155dfffff,893da1155cbffff,SYNTHETIC_REFERENCE
ATM000319,28.623254,77.218188,Uttar Pradesh,Delhi,883da11401fffff,893da11401bffff,SYNTHETIC_REFERENCE
ATM000320,12.974673,77.611546,Karnataka,Bangalore,88618925a5fffff,89618925a4bffff,SYNTHETIC_REFERENCE
ATM000321,22.599236,88.325209,West Bengal,Kolkata,883cf2d4adfffff,893cf2d4ad3ffff,SYNTHETIC_REFERENCE
ATM000322,23.017584,72.570129,Rajasthan,Ahmedabad,8842cea669fffff,8942cea6697ffff,SYNTHETIC_REFERENCE
ATM000323,18.556774,73.810204,Maharashtra,Pune,8860884247fffff,89608842447ffff,SYNTHETIC_REFERENCE
ATM000324,13.039127,77.625191,Karnataka,Bangalore,8861892cc5fffff,8961892cc43ffff,SYNTHETIC_REFERENCE
ATM000325,26.84405,80.946072,Uttar Pradesh,Lucknow,883d8dcd55fffff,893d8dcd55bffff,SYNTHETIC_REFERENCE
ATM000326,22.994237,72.579381,Gujarat,Ahmedabad,8842cea75bfffff,8942cea75a3ffff,SYNTHETIC_REFERENCE
ATM000327,22.65227,88.510784,West Bengal,Kolkata,883cf288abfffff,893cf288aabffff,SYNTHETIC_REFERENCE
ATM000328,18.549185,73.814622,Maharashtra,Pune,886088424dfffff,896088424c7ffff,SYNTHETIC_REFERENCE
ATM000329,13.055199,80.276891,Tamil Nadu,Chennai,88618c48cbfffff,89618c48cafffff,SYNTHETIC_REFERENCE
ATM000330,12.944481,77.554628,Karnataka,Bangalore,8860145a0dfffff,8960145a637ffff,SYNTHETIC_REFERENCE
ATM000331,17.424776,78.504195,Maharashtra,Hyderabad,8860b52c99fffff,8960b52c983ffff,SYNTHETIC_REFERENCE
ATM000332,23.032582,72.542862,Rajasthan,Ahmedabad,8842ceb5d3fffff,8942ceb5d33ffff,SYNTHETIC_REFERENCE
ATM000333,19.207296,72.925035,Maharashtra,Mumbai,88608b4299fffff,89608b4298bffff,SYNTHETIC_REFERENCE
ATM000334,28.62074,77.233335,Uttar Pradesh,Delhi,883da11439fffff,893da114393ffff,SYNTHETIC_REFERENCE
ATM000335,19.094385,72.910755,Maharashtra,Mumbai,88608b56a7fffff,89608b56a77ffff,SYNTHETIC_REFERENCE
ATM000336,19.078791,72.80842,Maharashtra,Mumbai,88608b0829fffff,89608b0829bffff,SYNTHETIC_REFERENCE
ATM000337,26.93313,75.868335,Rajasthan,Jaipur,883da20155fffff,893da201543ffff,SYNTHETIC_REFERENCE
ATM000338,23.089782,72.502501,Rajasthan,Ahmedabad,8842ceb6e7fffff,8942ceb6e73ffff,SYNTHETIC_REFERENCE
ATM000339,13.085275,80.303124,Unknown,Chennai,88618c483bfffff,89618c48edbffff,SYNTHETIC_REFERENCE
ATM000340,19.208222,72.864766,Maharashtra,Mumbai,88608b4711fffff,89608b47103ffff,SYNTHETIC_REFERENCE
ATM000341,13.086581,80.270634,Tamil Nadu,Chennai,88618c4885fffff,89618c4884fffff,SYNTHETIC_REFERENCE
ATM000342,12.956987,80.299831,Tamil Nadu,Chennai,88618c411bfffff,89618c411a3ffff,SYNTHETIC_REFERENCE
ATM000343,28.563955,77.194858,Uttar Pradesh,Delhi,883da11507fffff,893da11507bffff,SYNTHETIC_REFERENCE
ATM000344,13.128438,80.306407,Unknown,Chennai,88618c498dfffff,89618c498c7ffff,SYNTHETIC_REFERENCE
ATM000345,17.397548,78.459989,Maharashtra,Hyderabad,8860a25865fffff,8960a258653ffff,SYNTHETIC_REFERENCE
ATM000346,18.54402,73.700947,Maharashtra,Pune,886088474dfffff,896088474c7ffff,SYNTHETIC_REFERENCE
ATM000347,18.529532,73.890626,Maharashtra,Pune,8860885063fffff,8960885062fffff,SYNTHETIC_REFERENCE
ATM000348,19.043298,73.023586,Maharashtra,Mumbai,88608bcce5fffff,89608bcdd97ffff,SYNTHETIC_REFERENCE
ATM000349,17.331735,78.457406,Maharashtra,Hyderabad,8860a25a01fffff,8960a25a007ffff,SYNTHETIC_REFERENCE
ATM000350,18.526714,73.834194,Maharashtra,Pune,88608850e3fffff,89608850e2bffff,SYNTHETIC_REFERENCE
ATM000351,22.608339,88.341396,West Bengal,Kolkata,883cf2d4abfffff,893cf2d4ab3ffff,SYNTHETIC_REFERENCE
ATM000352,26.935382,75.827168,Rajasthan,Jaipur,883da20325fffff,893da20324fffff,SYNTHETIC_REFERENCE
ATM000353,18.524593,73.839619,Maharashtra,Pune,88608850e1fffff,89608850e07ffff,SYNTHETIC_REFERENCE
ATM000354,28.724462,77.051288,Uttar Pradesh,Delhi,883da18c41fffff,893da18c41bffff,SYNTHETIC_REFERENCE
ATM000355,19.013949,73.262687,Maharashtra,Mumbai,88608bd8a5fffff,89608bd8acfffff,SYNTHETIC_REFERENCE
ATM000356,18.526426,73.865267,Maharashtra,Pune,8860885039fffff,8960885038fffff,SYNTHETIC_REFERENCE
ATM000357,19.156965,73.073356,Maharashtra,Mumbai,88608b5053fffff,89608b5053bffff,SYNTHETIC_REFERENCE
ATM000358,22.567969,88.356059,West Bengal,Kolkata,883cf2c66bfffff,893cf2c66a3ffff,SYNTHETIC_REFERENCE
ATM000359,26.815059,80.96109,Uttar Pradesh,Lucknow,883d8dcd3dfffff,893d8dcd3cfffff,SYNTHETIC_REFERENCE
ATM000360,22.672871,88.426563,West Bengal,Kolkata,883cf2886bfffff,893cf2886b3ffff,SYNTHETIC_REFERENCE
ATM000361,17.398925,78.445326,Maharashtra,Hyderabad,8860a25867fffff,8960a258667ffff,SYNTHETIC_REFERENCE
ATM000362,18.543777,73.851746,Maharashtra,Pune,88608851ddfffff,89608851dc7ffff,SYNTHETIC_REFERENCE
ATM000363,13.142121,80.26392,Tamil Nadu,Chennai,88618eb265fffff,89618eb2657ffff,SYNTHETIC_REFERENCE
ATM000364,22.566517,88.356069,West Bengal,Kolkata,883cf2c66bfffff,893cf2c66a3ffff,SYNTHETIC_REFERENCE
ATM000365,26.861774,80.931824,Uttar Pradesh,Lucknow,883d8dcf31fffff,893d8dcf30bffff,SYNTHETIC_REFERENCE
ATM000366,17.385398,78.487678,Maharashtra,Hyderabad,8860a25b01fffff,8960a25b007ffff,SYNTHETIC_REFERENCE
ATM000367,26.821944,80.935931,Uttar Pradesh,Lucknow,883d8dcd63fffff,893d8dcd623ffff,SYNTHETIC_REFERENCE
ATM000368,26.831806,80.859656,Uttar Pradesh,Lucknow,883d8dc8c5fffff,893d8dc8c4fffff,SYNTHETIC_REFERENCE
ATM000369,28.700433,77.26265,Uttar Pradesh,Delhi,883da116d3fffff,893da116d33ffff,SYNTHETIC_REFERENCE
ATM000370,19.143234,73.04948,Maharashtra,Mumbai,88608b52bdfffff,89608b52bdbffff,SYNTHETIC_REFERENCE
ATM000371,28.638495,77.148786,Uttar Pradesh,Delhi,883da1175dfffff,893da1175cfffff,SYNTHETIC_REFERENCE
ATM000372,19.067619,72.843242,Maharashtra,Mumbai,88608b0b03fffff,89608b0b02fffff,SYNTHETIC_REFERENCE
ATM000373,18.923671,72.907523,Maharashtra,Mumbai,88608b1ae9fffff,89608b1ae8bffff,SYNTHETIC_REFERENCE
ATM000374,18.500757,73.862311,Maharashtra,Pune,8860885019fffff,89608850197ffff,SYNTHETIC_REFERENCE
ATM000375,18.917848,72.884088,Maharashtra,Mumbai,88608b1a81fffff,89608b1a803ffff,SYNTHETIC_REFERENCE
ATM000376,17.379168,78.497302,Maharashtra,Hyderabad,8860a25b09fffff,8960a25b09bffff,SYNTHETIC_REFERENCE
ATM000377,26.897146,75.718536,Rajasthan,Jaipur,883da21867fffff,893da218677ffff,SYNTHETIC_REFERENCE
ATM000378,19.095874,72.893408,Maharashtra,Mumbai,88608b54cbfffff,89608b54ca7ffff,SYNTHETIC_REFERENCE
ATM000379,26.921647,75.800412,Rajasthan,Jaipur,883da21889fffff,893da218887ffff,SYNTHETIC_REFERENCE
ATM000380,12.893252,77.62006,Karnataka,Bangalore,8861892439fffff,89618924393ffff,SYNTHETIC_REFERENCE
ATM000381,28.571742,77.14173,Uttar Pradesh,Delhi,883da11095fffff,893da110957ffff,SYNTHETIC_REFERENCE
ATM000382,18.470385,73.926804,Maharashtra,Pune,886088526bfffff,896088526bbffff,SYNTHETIC_REFERENCE
ATM000383,18.349076,73.889878,Maharashtra,Pune,886088ce25fffff,896088ce25bffff,SYNTHETIC_REFERENCE
ATM000384,26.908773,75.782939,Rajasthan,Jaipur,883da218ebfffff,893da218eabffff,SYNTHETIC_REFERENCE
ATM000385,23.015099,72.553838,Rajasthan,Ahmedabad,8842ceb595fffff,8942ceb5957ffff,SYNTHETIC_REFERENCE
ATM000386,26.91099,75.784321,Rajasthan,Jaipur,883da218ebfffff,893da218eabffff,SYNTHETIC_REFERENCE
ATM000387,13.024717,77.699977,Karnataka,Bangalore,8861892e25fffff,8961892e24fffff,SYNTHETIC_REFERENCE
ATM000388,28.633407,77.362122,Uttar Pradesh,Delhi,883da1a901fffff,893da1a900fffff,SYNTHETIC_REFERENCE
ATM000389,23.014541,72.620404,Rajasthan,Ahmedabad,8842cea63bfffff,8942cea63b7ffff,SYNTHETIC_REFERENCE
ATM000390,26.903122,75.759801,Rajasthan,Jaipur,883da2183bfffff,893da2183a3ffff,SYNTHETIC_REFERENCE
ATM000391,26.844074,80.956053,Uttar Pradesh,Lucknow,883d8dcd57fffff,893d8dcd57bffff,SYNTHETIC_REFERENCE
ATM000392,13.102106,80.274151,Tamil Nadu,Chennai,88618c48a1fffff,89618c48a0bffff,SYNTHETIC_REFERENCE
ATM000393,17.289647,78.343566,Maharashtra,Hyderabad,8860a251bbfffff,8960a251bafffff,SYNTHETIC_REFERENCE
ATM000394,23.068025,72.519688,Rajasthan,Ahmedabad,8842ceb41bfffff,8942ceb41a3ffff,SYNTHETIC_REFERENCE
ATM000395,17.400668,78.420366,Maharashtra,Hyderabad,8860a2583dfffff,8960a2583cfffff,SYNTHETIC_REFERENCE
ATM000396,26.841483,81.04254,Uttar Pradesh,Lucknow,883d8dcd91fffff,893d8dcd90fffff,SYNTHETIC_REFERENCE
ATM000397,26.89789,75.757901,Rajasthan,Jaipur,883da21831fffff,893da218317ffff,SYNTHETIC_REFERENCE
ATM000398,13.107479,80.291055,Tamil Nadu,Chennai,88618c49d1fffff,89618c49d07ffff,SYNTHETIC_REFERENCE
ATM000399,22.935974,72.595052,Gujarat,Ahmedabad,8842cea541fffff,8942cea5407ffff,SYNTHETIC_REFERENCE
ATM000400,23.002417,72.564251,Rajasthan,Ahmedabad,8842ceb5b3fffff,8942ceb5b37ffff,SYNTHETIC_REFERENCE
ATM000401,28.622691,77.207547,Uttar Pradesh,Delhi,883da1140dfffff,893da1140dbffff,SYNTHETIC_REFERENCE
ATM000402,26.845636,80.947809,Uttar Pradesh,Lucknow,883d8dcd55fffff,893d8dcd543ffff,SYNTHETIC_REFERENCE
ATM000403,22.564451,88.218253,West Bengal,Kolkata,883cf2d561fffff,893cf2d5603ffff,SYNTHETIC_REFERENCE
ATM000404,26.898825,75.864354,Rajasthan,Jaipur,883da20121fffff,893da20121bffff,SYNTHETIC_REFERENCE
ATM000405,17.347059,78.633344,Maharashtra,Hyderabad,8860b520bdfffff,8960b52086fffff,SYNTHETIC_REFERENCE
ATM000406,26.913462,75.721165,Rajasthan,Jaipur,883da21847fffff,893da218463ffff,SYNTHETIC_REFERENCE
ATM000407,17.580873,78.510321,Maharashtra,Hyderabad,8860b19541fffff,8960b19540fffff,SYNTHETIC_REFERENCE
ATM000408,19.071231,72.843821,Maharashtra,Mumbai,88608b0b39fffff,89608b0b383ffff,SYNTHETIC_REFERENCE
ATM000409,26.852684,80.935308,Uttar Pradesh,Lucknow,883d8dcd4bfffff,893d8dcd4a3ffff,SYNTHETIC_REFERENCE
ATM000410,19.083479,72.86986,Maharashtra,Mumbai,88608b0b67fffff,89608b0b66fffff,SYNTHETIC_REFERENCE
ATM000411,17.371631,78.440227,Maharashtra,Hyderabad,8860a25843fffff,8960a25843bffff,SYNTHETIC_REFERENCE
ATM000412,26.855176,80.953358,Uttar Pradesh,Lucknow,883d8dcd51fffff,893d8dcd517ffff,SYNTHETIC_REFERENCE
ATM000413,26.86966,80.948983,Uttar Pradesh,Lucknow,883d8dcc6dfffff,893d8dcc6cbffff,SYNTHETIC_REFERENCE
ATM000414,22.557436,88.414507,West Bengal,Kolkata,883cf2c6e1fffff,893cf2c6e1bffff,SYNTHETIC_REFERENCE
ATM000415,18.515316,73.873151,Maharashtra,Pune,8860885003fffff,89608850033ffff,SYNTHETIC_REFERENCE
ATM000416,13.082886,80.267272,Tamil Nadu,Chennai,88618c4887fffff,89618c48873ffff,SYNTHETIC_REFERENCE
ATM000417,13.065861,77.526662,Karnataka,Bangalore,8860145937fffff,89601459373ffff,SYNTHETIC_REFERENCE
ATM000418,17.3584,78.437915,Maharashtra,Hyderabad,8860a25a37fffff,8960a25a36bffff,SYNTHETIC_REFERENCE
ATM000419,18.527178,73.85092,Maharashtra,Pune,88608850edfffff,89608850ecbffff,SYNTHETIC_REFERENCE
ATM000420,23.033815,72.577361,Rajasthan,Ahmedabad,8842cea64bfffff,8942cea64bbffff,SYNTHETIC_REFERENCE
ATM000421,23.023438,72.569345,Rajasthan,Ahmedabad,8842cea64dfffff,8942cea64cbffff,SYNTHETIC_REFERENCE
ATM000422,22.847626,72.461823,Gujarat,Ahmedabad,8842cea12bfffff,8942cea12a3ffff,SYNTHETIC_REFERENCE
ATM000423,19.116805,72.822837,Maharashtra,Mumbai,88608b0907fffff,89608b09077ffff,SYNTHETIC_REFERENCE
ATM000424,13.171375,80.308346,Unknown,Chennai,88618e8691fffff,89618e86917ffff,SYNTHETIC_REFERENCE
ATM000425,19.067086,72.871239,Maharashtra,Mumbai,88608b0b6bfffff,89608b0b6a3ffff,SYNTHETIC_REFERENCE
ATM000426,22.680678,88.442031,West Bengal,Kolkata,883cf28809fffff,893cf288097ffff,SYNTHETIC_REFERENCE
ATM000427,13.036679,80.184518,Tamil Nadu,Chennai,88618c4c29fffff,89618c4c297ffff,SYNTHETIC_REFERENCE
ATM000428,26.934081,75.763446,Rajasthan,Jaipur,883da21aa7fffff,893da21aa73ffff,SYNTHETIC_REFERENCE
ATM000429,17.351494,78.483136,Maharashtra,Hyderabad,8860a25a65fffff,8960a25a64fffff,SYNTHETIC_REFERENCE
ATM000430,28.59657,77.253386,Uttar Pradesh,Delhi,883da115ddfffff,893da115dc3ffff,SYNTHETIC_REFERENCE
ATM000431,28.624307,77.131336,Uttar Pradesh,Delhi,883da11745fffff,893da117447ffff,SYNTHETIC_REFERENCE
ATM000432,23.043539,72.553126,Rajasthan,Ahmedabad,8842ceb4a9fffff,8942ceb4a8bffff,SYNTHETIC_REFERENCE
ATM000433,18.484952,73.827544,Maharashtra,Pune,88608852b7fffff,89608852b67ffff,SYNTHETIC_REFERENCE
ATM000434,28.537868,77.152657,Uttar Pradesh,Delhi,883da1025dfffff,893da1025cbffff,SYNTHETIC_REFERENCE
ATM000435,19.081089,72.946051,Maharashtra,Mumbai,88608b563bfffff,89608b563afffff,SYNTHETIC_REFERENCE
ATM000436,23.04029,72.585426,Rajasthan,Ahmedabad,8842ceb4b7fffff,8942ceb4b6bffff,SYNTHETIC_REFERENCE
ATM000437,18.981405,72.885772,Maharashtra,Mumbai,88608b1833fffff,89608b18327ffff,SYNTHETIC_REFERENCE
ATM000438,26.943403,75.775687,Rajasthan,Jaipur,883da21abdfffff,893da21abcbffff,SYNTHETIC_REFERENCE
ATM000439,23.021724,72.536585,Rajasthan,Ahmedabad,8842ceb5d5fffff,8942ceb5d4fffff,SYNTHETIC_REFERENCE
ATM000440,19.071601,72.87278,Maharashtra,Mumbai,88608b0b61fffff,89608b0b6abffff,SYNTHETIC_REFERENCE
ATM000441,19.074887,72.920679,Maharashtra,Mumbai,88608b56e3fffff,89608b56e27ffff,SYNTHETIC_REFERENCE
ATM000442,26.845346,80.947324,Uttar Pradesh,Lucknow,883d8dcd55fffff,893d8dcd543ffff,SYNTHETIC_REFERENCE
ATM000443,17.397369,78.502673,Maharashtra,Hyderabad,8860a25b63fffff,8960a25b293ffff,SYNTHETIC_REFERENCE
ATM000444,17.40872,78.482506,Maharashtra,Hyderabad,8860a25b23fffff,8960a25b35bffff,SYNTHETIC_REFERENCE
ATM000445,26.904207,75.78799,Rajasthan,Jaipur,883da218e3fffff,893da218e3bffff,SYNTHETIC_REFERENCE
ATM000446,26.837916,80.938493,Uttar Pradesh,Lucknow,883d8dcd47fffff,893d8dcd467ffff,SYNTHETIC_REFERENCE
ATM000447,26.853972,80.975211,Uttar Pradesh,Lucknow,883d8dcc25fffff,893d8dcc247ffff,SYNTHETIC_REFERENCE
ATM000448,23.023345,72.571013,Rajasthan,Ahmedabad,8842cea645fffff,8942cea6453ffff,SYNTHETIC_REFERENCE
ATM000449,17.385433,78.489304,Maharashtra,Hyderabad,8860a25b01fffff,8960a25b003ffff,SYNTHETIC_REFERENCE
ATM000450,19.104933,72.902693,Maharashtra,Mumbai,88608b54c1fffff,89608b54c1bffff,SYNTHETIC_REFERENCE
ATM000451,23.035368,72.531819,Rajasthan,Ahmedabad,8842ceb5d9fffff,8942ceb5d8fffff,SYNTHETIC_REFERENCE
ATM000452,22.554334,88.362388,West Bengal,Kolkata,883cf2c629fffff,893cf2c6293ffff,SYNTHETIC_REFERENCE
ATM000453,13.107797,80.258361,Tamil Nadu,Chennai,88618eb249fffff,89618eb2487ffff,SYNTHETIC_REFERENCE
ATM000454,26.876455,80.967114,Uttar Pradesh,Lucknow,883d8dcc63fffff,893d8dcc637ffff,SYNTHETIC_REFERENCE
ATM000455,28.637931,77.232682,Uttar Pradesh,Delhi,883da11457fffff,893da11456fffff,SYNTHETIC_REFERENCE
ATM000456,12.971376,80.264659,Tamil Nadu,Chennai,88618c4181fffff,89618c41803ffff,SYNTHETIC_REFERENCE
ATM000457,18.967256,72.882668,Maharashtra,Mumbai,88608b18e9fffff,89608b18e93ffff,SYNTHETIC_REFERENCE
ATM000458,13.090591,80.269648,Tamil Nadu,Chennai,88618c48abfffff,89618c48ab3ffff,SYNTHETIC_REFERENCE
ATM000459,19.069023,72.925124,Maharashtra,Mumbai,88608b56ebfffff,89608b56ea7ffff,SYNTHETIC_REFERENCE
ATM000460,28.579057,77.230291,Uttar Pradesh,Delhi,883da115e9fffff,893da115e97ffff,SYNTHETIC_REFERENCE
ATM000461,28.692363,77.150453,Uttar Pradesh,Delhi,883da18ca7fffff,893da18ca67ffff,SYNTHETIC_REFERENCE
ATM000462,18.507051,73.846002,Maharashtra,Pune,88608850c5fffff,89608850c53ffff,SYNTHETIC_REFERENCE
ATM000463,23.085317,72.435576,Rajasthan,Ahmedabad,8842ceb661fffff,8942ceb6603ffff,SYNTHETIC_REFERENCE
ATM000464,22.573037,88.363918,West Bengal,Kolkata,883cf2c647fffff,893cf2c646fffff,SYNTHETIC_REFERENCE
ATM000465,26.845765,80.945402,Uttar Pradesh,Lucknow,883d8dcd55fffff,893d8dcd553ffff,SYNTHETIC_REFERENCE
ATM000466,17.384824,78.490847,Maharashtra,Hyderabad,8860a25b01fffff,8960a25b003ffff,SYNTHETIC_REFERENCE
ATM000467,12.916776,77.550725,Karnataka,Bangalore,8860145a5dfffff,8960145a5d3ffff,SYNTHETIC_REFERENCE
ATM000468,26.925089,75.799857,Rajasthan,Jaipur,883da218d5fffff,893da218897ffff,SYNTHETIC_REFERENCE
ATM000469,12.945456,77.601685,Karnataka,Bangalore,8861892581fffff,89618925873ffff,SYNTHETIC_REFERENCE
ATM000470,26.861135,80.96207,Uttar Pradesh,Lucknow,883d8dcd5bfffff,893d8dcd5a7ffff,SYNTHETIC_REFERENCE
ATM000471,19.076049,72.870999,Maharashtra,Mumbai,88608b0b63fffff,89608b0b63bffff,SYNTHETIC_REFERENCE
ATM000472,26.860788,80.955518,Uttar Pradesh,Lucknow,883d8dcd5bfffff,893d8dcd5b3ffff,SYNTHETIC_REFERENCE
ATM000473,19.168629,72.840419,Maharashtra,Mumbai,88608b4615fffff,89608b4614bffff,SYNTHETIC_REFERENCE
ATM000474,26.905004,75.770683,Rajasthan,Jaipur,883da218edfffff,893da218ec3ffff,SYNTHETIC_REFERENCE
ATM000475,22.572543,88.36367,West Bengal,Kolkata,883cf2c647fffff,893cf2c646fffff,SYNTHETIC_REFERENCE
ATM000476,26.789352,80.872687,Uttar Pradesh,Lucknow,883d8dc999fffff,893d8dc998fffff,SYNTHETIC_REFERENCE
ATM000477,18.93472,72.750205,Maharashtra,Mumbai,88608b0037fffff,89608b0036bffff,SYNTHETIC_REFERENCE
ATM000478,22.571873,88.356601,West Bengal,Kolkata,883cf2c66bfffff,893cf2c66b7ffff,SYNTHETIC_REFERENCE
ATM000479,26.849021,80.945407,Uttar Pradesh,Lucknow,883d8dcd5dfffff,893d8dcd5cfffff,SYNTHETIC_REFERENCE
ATM000480,22.564924,88.362105,West Bengal,Kolkata,883cf2c60dfffff,893cf2c60dbffff,SYNTHETIC_REFERENCE
ATM000481,18.544558,73.858908,Maharashtra,Pune,88608851ddfffff,89608851dd3ffff,SYNTHETIC_REFERENCE
ATM000482,18.511653,73.887271,Maharashtra,Pune,8860885009fffff,8960885009bffff,SYNTHETIC_REFERENCE
ATM000483,13.080867,80.268846,Tamil Nadu,Chennai,88618c4881fffff,89618c4880bffff,SYNTHETIC_REFERENCE
ATM000484,18.5463,73.884049,Maharashtra,Pune,8860885027fffff,89608850247ffff,SYNTHETIC_REFERENCE
ATM000485,22.534099,88.427552,West Bengal,Kolkata,883cf2c6a5fffff,893cf2c6a4bffff,SYNTHETIC_REFERENCE
ATM000486,26.808328,80.885499,Uttar Pradesh,Lucknow,883d8dc8a3fffff,893d8dc8a33ffff,SYNTHETIC_REFERENCE
ATM000487,19.058153,72.828031,Maharashtra,Mumbai,88608b0b13fffff,89608b0b123ffff,SYNTHETIC_REFERENCE
ATM000488,12.963024,77.576478,Karnataka,Bangalore,8860145b59fffff,8960145b59bffff,SYNTHETIC_REFERENCE
ATM000489,26.82763,81.005777,Uttar Pradesh,Lucknow,883d8dcde3fffff,893d8dcde27ffff,SYNTHETIC_REFERENCE
ATM000490,26.857689,75.808316,Rajasthan,Jaipur,883da20a6dfffff,893da20a6c3ffff,SYNTHETIC_REFERENCE
ATM000491,13.129165,80.173134,Tamil Nadu,Chennai,88618eb283fffff,89618eb2833ffff,SYNTHETIC_REFERENCE
ATM000492,18.54193,73.843641,Maharashtra,Pune,88608851dbfffff,89608851dabffff,SYNTHETIC_REFERENCE
ATM000493,12.950083,77.642692,Karnataka,Bangalore,886189253bfffff,896189253bbffff,SYNTHETIC_REFERENCE
ATM000494,28.566539,77.265729,Uttar Pradesh,Delhi,883da11587fffff,893da11586bffff,SYNTHETIC_REFERENCE
ATM000495,13.065688,80.207973,Tamil Nadu,Chennai,88618c4d55fffff,89618c4d54bffff,SYNTHETIC_REFERENCE
ATM000496,17.377291,78.495123,Maharashtra,Hyderabad,8860a25b09fffff,8960a25b083ffff,SYNTHETIC_REFERENCE
ATM000497,22.565485,88.367796,West Bengal,Kolkata,883cf2c60dfffff,893cf2c60cfffff,SYNTHETIC_REFERENCE
ATM000498,19.105394,72.852302,Maharashtra,Mumbai,88608b094dfffff,89608b094cbffff,SYNTHETIC_REFERENCE
ATM000499,26.847523,80.947857,Uttar Pradesh,Lucknow,883d8dcd55fffff,893d8dcd557ffff,SYNTHETIC_REFERENCE
ATM000500,26.824838,80.914633,Uttar Pradesh,Lucknow,883d8dcd6dfffff,893d8dcd6d3ffff,SYNTHETIC_REFERENCE
ATM000501,18.518198,73.859969,Maharashtra,Pune,8860885015fffff,89608850147ffff,SYNTHETIC_REFERENCE
ATM000502,22.556058,88.375704,West Bengal,Kolkata,883cf2c62bfffff,893cf2c62b7ffff,SYNTHETIC_REFERENCE
ATM000503,17.360356,78.434604,Maharashtra,Hyderabad,8860a2585dfffff,8960a2585d7ffff,SYNTHETIC_REFERENCE
ATM000504,26.906177,75.794445,Rajasthan,Jaipur,883da218e3fffff,893da218e27ffff,SYNTHETIC_REFERENCE
ATM000505,18.547103,73.854847,Maharashtra,Pune,88608851ddfffff,89608851dc3ffff,SYNTHETIC_REFERENCE
ATM000506,28.609712,77.197043,Uttar Pradesh,Delhi,883da11465fffff,893da114647ffff,SYNTHETIC_REFERENCE
ATM000507,26.846001,80.947102,Uttar Pradesh,Lucknow,883d8dcd55fffff,893d8dcd553ffff,SYNTHETIC_REFERENCE
ATM000508,26.792605,75.782409,Rajasthan,Jaipur,883da254d9fffff,893da254d83ffff,SYNTHETIC_REFERENCE
ATM000509,26.845933,80.948065,Uttar Pradesh,Lucknow,883d8dcd55fffff,893d8dcd543ffff,SYNTHETIC_REFERENCE
ATM000510,23.044638,72.575631,Rajasthan,Ahmedabad,8842ceb4b5fffff,8942ceb4b57ffff,SYNTHETIC_REFERENCE
ATM000511,18.520569,73.857945,Maharashtra,Pune,8860885017fffff,896088503b7ffff,SYNTHETIC_REFERENCE
ATM000512,13.084291,80.23608,Tamil Nadu,Chennai,88618c4d6dfffff,89618c4d6c7ffff,SYNTHETIC_REFERENCE
ATM000513,26.826797,81.03696,Uttar Pradesh,Lucknow,883d8dcdbbfffff,893d8dcdbbbffff,SYNTHETIC_REFERENCE
ATM000514,26.995608,75.870862,Rajasthan,Jaipur,883da20223fffff,893da20222fffff,SYNTHETIC_REFERENCE
ATM000515,18.998942,73.069824,Maharashtra,Mumbai,88608bce35fffff,89608bce343ffff,SYNTHETIC_REFERENCE
ATM000516,18.95035,72.777598,Maharashtra,Mumbai,88608b011bfffff,89608b011bbffff,SYNTHETIC_REFERENCE
ATM000517,17.405274,78.484859,Maharashtra,Hyderabad,8860a25b23fffff,8960a25b237ffff,SYNTHETIC_REFERENCE
ATM000518,26.929205,75.782193,Rajasthan,Jaipur,883da218c1fffff,893da218c17ffff,SYNTHETIC_REFERENCE
ATM000519,26.835753,80.958042,Uttar Pradesh,Lucknow,883d8dcd03fffff,893d8dcd0afffff,SYNTHETIC_REFERENCE
ATM000520,28.60189,77.205328,Uttar Pradesh,Delhi,883da1142dfffff,893da1142dbffff,SYNTHETIC_REFERENCE
ATM000521,22.533318,88.34892,West Bengal,Kolkata,883cf2c757fffff,893cf2c7577ffff,SYNTHETIC_REFERENCE
ATM000522,17.393025,78.374755,Maharashtra,Hyderabad,8860a25885fffff,8960a25884bffff,SYNTHETIC_REFERENCE
ATM000523,26.834959,80.9523,Uttar Pradesh,Lucknow,883d8dcd0bfffff,893d8dcd0abffff,SYNTHETIC_REFERENCE
ATM000524,26.911544,75.795707,Rajasthan,Jaipur,883da2188dfffff,893da2188cfffff,SYNTHETIC_REFERENCE
ATM000525,26.926087,75.792986,Rajasthan,Jaipur,883da218c3fffff,893da218c23ffff,SYNTHETIC_REFERENCE
ATM000526,13.059792,80.456275,Unknown,Chennai,88618e96c3fffff,89618e96c27ffff,SYNTHETIC_REFERENCE
ATM000527,13.061502,80.261627,Tamil Nadu,Chennai,88618c48d7fffff,89618c48d73ffff,SYNTHETIC_REFERENCE
ATM000528,12.964147,77.589539,Karnataka,Bangalore,88618925b5fffff,89618925b43ffff,SYNTHETIC_REFERENCE
ATM000529,18.993003,72.910214,Maharashtra,Mumbai,88608b1823fffff,89608b1823bffff,SYNTHETIC_REFERENCE
ATM000530,26.893583,75.788443,Rajasthan,Jaipur,883da218adfffff,893da218ad3ffff,SYNTHETIC_REFERENCE
ATM000531,26.988224,75.783694,Rajasthan,Jaipur,883da211adfffff,893da211acfffff,SYNTHETIC_REFERENCE
ATM000532,26.82538,80.923249,Uttar Pradesh,Lucknow,883d8dcd61fffff,893d8dcd613ffff,SYNTHETIC_REFERENCE
ATM000533,26.841135,80.940776,Uttar Pradesh,Lucknow,883d8dcd43fffff,893d8dcd093ffff,SYNTHETIC_REFERENCE
ATM000534,22.571284,88.365439,West Bengal,Kolkata,883cf2c60dfffff,893cf2c60d7ffff,SYNTHETIC_REFERENCE
ATM000535,22.98824,72.576849,Gujarat,Ahmedabad,8842cea751fffff,8942cea7507ffff,SYNTHETIC_REFERENCE
ATM000536,26.863649,81.079604,Uttar Pradesh,Lucknow,883d8d5659fffff,893d8d5658bffff,SYNTHETIC_REFERENCE
ATM000537,26.950769,75.759199,Rajasthan,Jaipur,883da21a85fffff,893da21a85bffff,SYNTHETIC_REFERENCE
ATM000538,12.852509,77.567893,Karnataka,Bangalore,8860145365fffff,89601453643ffff,SYNTHETIC_REFERENCE
ATM000539,13.140419,80.333293,Unknown,Chennai,88618c49edfffff,89618c49337ffff,SYNTHETIC_REFERENCE
ATM000540,28.697777,77.304218,Uttar Pradesh,Delhi,883da1ab4bfffff,893da1ab4abffff,SYNTHETIC_REFERENCE
ATM000541,26.834858,81.030321,Uttar Pradesh,Lucknow,883d8dcd95fffff,893d8dcd95bffff,SYNTHETIC_REFERENCE
ATM000542,18.526793,73.854372,Maharashtra,Pune,88608850edfffff,89608850edbffff,SYNTHETIC_REFERENCE
ATM000543,12.741183,77.650589,Karnataka,Bangalore,886014cb07fffff,896014cb06fffff,SYNTHETIC_REFERENCE
ATM000544,18.431024,73.866818,Maharashtra,Pune,886088cd31fffff,896088cd3c7ffff,SYNTHETIC_REFERENCE
ATM000545,18.502066,73.845208,Maharashtra,Pune,88608850cdfffff,89608850cc7ffff,SYNTHETIC_REFERENCE
ATM000546,17.381967,78.500898,Maharashtra,Hyderabad,8860a25b47fffff,8960a25b46fffff,SYNTHETIC_REFERENCE
ATM000547,28.616709,77.167446,Uttar Pradesh,Delhi,883da11739fffff,893da117397ffff,SYNTHETIC_REFERENCE
ATM000548,18.489627,73.854727,Maharashtra,Pune,88608852a1fffff,89608852a03ffff,SYNTHETIC_REFERENCE
ATM000549,22.47734,88.309333,West Bengal,Kolkata,883cf2c0d7fffff,893cf2c0d7bffff,SYNTHETIC_REFERENCE
ATM000550,23.046343,72.567915,Rajasthan,Ahmedabad,8842ceb4bdfffff,8942ceb4bdbffff,SYNTHETIC_REFERENCE
ATM000551,22.609482,88.289403,West Bengal,Kolkata,883cf2d43dfffff,893cf2d43d7ffff,SYNTHETIC_REFERENCE
ATM000552,26.811495,75.730877,Rajasthan,Jaipur,883da256ebfffff,893da256ea7ffff,SYNTHETIC_REFERENCE
ATM000553,22.574909,88.37043,West Bengal,Kolkata,883cf2c609fffff,893cf2c6083ffff,SYNTHETIC_REFERENCE
ATM000554,22.591943,88.337193,West Bengal,Kolkata,883cf2d4a5fffff,893cf2d4a47ffff,SYNTHETIC_REFERENCE
ATM000555,26.957974,75.713117,Rajasthan,Jaipur,883da21a15fffff,893da21a153ffff,SYNTHETIC_REFERENCE
ATM000556,13.190051,80.315489,Unknown,Chennai,88618e86b9fffff,89618e86b87ffff,SYNTHETIC_REFERENCE
ATM000557,28.563327,77.228432,Uttar Pradesh,Delhi,883da115edfffff,893da115e53ffff,SYNTHETIC_REFERENCE
ATM000558,18.91195,72.700909,Maharashtra,Mumbai,88608b00b9fffff,89608b00b97ffff,SYNTHETIC_REFERENCE
ATM000559,23.05189,72.574789,Rajasthan,Ahmedabad,8842ceb4b9fffff,8942ceb4b8bffff,SYNTHETIC_REFERENCE
ATM000560,18.498027,73.800834,Maharashtra,Pune,886088509bfffff,896088509b3ffff,SYNTHETIC_REFERENCE
ATM000561,23.020709,72.564409,Rajasthan,Ahmedabad,8842ceb593fffff,8942ceb5923ffff,SYNTHETIC_REFERENCE
ATM000562,12.963874,77.619999,Karnataka,Bangalore,8861892edbfffff,89618925adbffff,SYNTHETIC_REFERENCE
ATM000563,28.622205,77.182748,Uttar Pradesh,Delhi,883da11717fffff,893da117163ffff,SYNTHETIC_REFERENCE
ATM000564,19.145311,73.168978,Maharashtra,Mumbai,88608bc9abfffff,89608bc9ab3ffff,SYNTHETIC_REFERENCE
ATM000565,17.654076,78.502718,Maharashtra,Hyderabad,8860b1823bfffff,8960b1823afffff,SYNTHETIC_REFERENCE
ATM000566,22.530832,88.271781,West Bengal,Kolkata,883cf2c2d5fffff,893cf2c2d5bffff,SYNTHETIC_REFERENCE
ATM000567,17.384761,78.48787,Maharashtra,Hyderabad,8860a25b01fffff,8960a25b007ffff,SYNTHETIC_REFERENCE
ATM000568,13.075626,80.170872,Tamil Nadu,Chennai,88618c4de9fffff,89618c4de97ffff,SYNTHETIC_REFERENCE
ATM000569,26.846669,80.940803,Uttar Pradesh,Lucknow,883d8dcd43fffff,893d8dcd437ffff,SYNTHETIC_REFERENCE
ATM000570,17.38689,78.395086,Maharashtra,Hyderabad,8860a258e9fffff,8960a258e8bffff,SYNTHETIC_REFERENCE
ATM000571,22.530434,88.292814,West Bengal,Kolkata,883cf2c299fffff,893cf2c2983ffff,SYNTHETIC_REFERENCE
ATM000572,23.047211,72.53277,Rajasthan,Ahmedabad,8842ceb4e5fffff,8942ceb4e57ffff,SYNTHETIC_REFERENCE
ATM000573,17.419,78.509174,Maharashtra,Hyderabad,8860b52cd3fffff,8960b52cd2bffff,SYNTHETIC_REFERENCE
ATM000574,18.540769,73.868624,Maharashtra,Pune,8860885035fffff,89608850343ffff,SYNTHETIC_REFERENCE
ATM000575,26.909952,75.788516,Rajasthan,Jaipur,883da218e3fffff,893da218eafffff,SYNTHETIC_REFERENCE
ATM000576,26.84454,80.950854,Uttar Pradesh,Lucknow,883d8dcd55fffff,893d8dcd54fffff,SYNTHETIC_REFERENCE
ATM000577,28.693027,76.974052,Rajasthan,Delhi,883da18f65fffff,893da18f653ffff,SYNTHETIC_REFERENCE
ATM000578,26.947206,81.00186,Uttar Pradesh,Lucknow,883d8dcec3fffff,893d8dcec33ffff,SYNTHETIC_REFERENCE
ATM000579,13.064002,80.267215,Tamil Nadu,Chennai,88618c48d5fffff,89618c48d4bffff,SYNTHETIC_REFERENCE
ATM000580,13.00883,77.613817,Karnataka,Bangalore,8861892eb1fffff,8961892eb0fffff,SYNTHETIC_REFERENCE
ATM000581,13.10127,80.204696,Tamil Nadu,Chennai,88618c4d23fffff,89618c4d223ffff,SYNTHETIC_REFERENCE
ATM000582,26.849586,80.947946,Uttar Pradesh,Lucknow,883d8dcd5dfffff,893d8dcd5cfffff,SYNTHETIC_REFERENCE
ATM000583,13.067542,80.281098,Tamil Nadu,Chennai,88618c48c7fffff,89618c48c77ffff,SYNTHETIC_REFERENCE
ATM000584,17.387182,78.507576,Maharashtra,Hyderabad,8860a25b6bfffff,8960a25b6a3ffff,SYNTHETIC_REFERENCE
ATM000585,18.559224,73.738571,Maharashtra,Pune,8860884281fffff,89608842813ffff,SYNTHETIC_REFERENCE
ATM000586,12.854774,77.675639,Karnataka,Bangalore,8861892667fffff,896189262d3ffff,SYNTHETIC_REFERENCE
ATM000587,19.050756,72.933405,Maharashtra,Mumbai,88608b56c9fffff,89608b56c8bffff,SYNTHETIC_REFERENCE
ATM000588,28.62549,77.295246,Uttar Pradesh,Delhi,883da11487fffff,893da114877ffff,SYNTHETIC_REFERENCE
ATM000589,28.682646,77.198612,Uttar Pradesh,Delhi,883da1161dfffff,893da1161d7ffff,SYNTHETIC_REFERENCE
ATM000590,28.565034,77.278343,Uttar Pradesh,Delhi,883da115b1fffff,893da115b13ffff,SYNTHETIC_REFERENCE
ATM000591,28.731706,77.339623,Uttar Pradesh,Delhi,883da1aa0dfffff,893da1aa0dbffff,SYNTHETIC_REFERENCE
ATM000592,18.493206,73.856452,Maharashtra,Pune,88608852a5fffff,89608852a0bffff,SYNTHETIC_REFERENCE
ATM000593,28.551042,77.166059,Uttar Pradesh,Delhi,883da1025bfffff,893da1025b3ffff,SYNTHETIC_REFERENCE
ATM000594,17.446858,78.51839,Maharashtra,Hyderabad,8860b52c87fffff,8960b52c863ffff,SYNTHETIC_REFERENCE
ATM000595,26.914279,75.83737,Rajasthan,Jaipur,883da2016dfffff,893da2016d7ffff,SYNTHETIC_REFERENCE
ATM000596,13.121654,80.189039,Tamil Nadu,Chennai,88618eb2c7fffff,89618eb2c67ffff,SYNTHETIC_REFERENCE
ATM000597,18.488796,73.845733,Maharashtra,Pune,88608852a3fffff,89608852a23ffff,SYNTHETIC_REFERENCE
ATM000598,28.683683,77.308561,Uttar Pradesh,Delhi,883da1ab0dfffff,893da1ab0d3ffff,SYNTHETIC_REFERENCE
ATM000599,28.607107,77.267017,Uttar Pradesh,Delhi,883da115dbfffff,893da115da3ffff,SYNTHETIC_REFERENCE
ATM000600,19.073242,72.891341,Maharashtra,Mumbai,88608b56bbfffff,89608b56bb7ffff,SYNTHETIC_REFERENCE
ATM000601,28.611129,77.205536,Uttar Pradesh,Delhi,883da11467fffff,893da114677ffff,SYNTHETIC_REFERENCE
ATM000602,12.971805,77.570517,Karnataka,Bangalore,8860145b51fffff,8960145b503ffff,SYNTHETIC_REFERENCE
ATM000603,28.667574,77.209052,Uttar Pradesh,Delhi,883da1163bfffff,893da1163a3ffff,SYNTHETIC_REFERENCE
ATM000604,19.103784,72.886913,Maharashtra,Mumbai,88608b54d5fffff,89608b54d5bffff,SYNTHETIC_REFERENCE
ATM000605,28.612706,77.20368,Uttar Pradesh,Delhi,883da11467fffff,893da114677ffff,SYNTHETIC_REFERENCE
ATM000606,13.08311,80.269821,Tamil Nadu,Chennai,88618c4885fffff,89618c48847ffff,SYNTHETIC_REFERENCE
ATM000607,12.973614,77.676983,Karnataka,Bangalore,8861892e53fffff,8961892e52fffff,SYNTHETIC_REFERENCE
ATM000608,17.382397,78.493168,Maharashtra,Hyderabad,8860a25b09fffff,8960a25b013ffff,SYNTHETIC_REFERENCE
ATM000609,22.56215,88.378161,West Bengal,Kolkata,883cf2c607fffff,893cf2c6073ffff,SYNTHETIC_REFERENCE
ATM000610,18.529289,73.84213,Maharashtra,Pune,88608850e7fffff,89608850e73ffff,SYNTHETIC_REFERENCE
ATM000611,19.124395,72.67286,Maharashtra,Mumbai,88608b72adfffff,89608b72ad3ffff,SYNTHETIC_REFERENCE
ATM000612,22.924089,72.618458,Gujarat,Ahmedabad,8842cea503fffff,8942cea503bffff,SYNTHETIC_REFERENCE
ATM000613,18.412825,73.966783,Maharashtra,Pune,886088c813fffff,896088c8133ffff,SYNTHETIC_REFERENCE
ATM000614,19.164354,72.936745,Maharashtra,Mumbai,88608b5513fffff,89608b55c5bffff,SYNTHETIC_REFERENCE
ATM000615,26.89439,75.787768,Rajasthan,Jaipur,883da218adfffff,893da218ad3ffff,SYNTHETIC_REFERENCE
ATM000616,26.817614,80.910707,Uttar Pradesh,Lucknow,883d8dc8b3fffff,893d8dc8b37ffff,SYNTHETIC_REFERENCE
ATM000617,19.092403,72.878476,Maharashtra,Mumbai,88608b54d1fffff,89608b54d17ffff,SYNTHETIC_REFERENCE
ATM000618,12.956872,77.528346,Karnataka,Bangalore,8860145a31fffff,8960145a303ffff,SYNTHETIC_REFERENCE
ATM000619,26.96227,75.774788,Rajasthan,Jaipur,883da21a83fffff,893da21a823ffff,SYNTHETIC_REFERENCE
ATM000620,23.074875,72.552988,Rajasthan,Ahmedabad,8842ceb4d5fffff,8942ceb4d53ffff,SYNTHETIC_REFERENCE
ATM000621,28.611522,77.218065,Uttar Pradesh,Delhi,883da1142bfffff,893da114287ffff,SYNTHETIC_REFERENCE
ATM000622,12.984291,77.531766,Karnataka,Bangalore,8860145845fffff,89601458447ffff,SYNTHETIC_REFERENCE
ATM000623,17.410516,78.495352,Maharashtra,Hyderabad,8860a25b21fffff,8960a25b20bffff,SYNTHETIC_REFERENCE
ATM000624,13.119034,80.259705,Tamil Nadu,Chennai,88618eb245fffff,89618eb2457ffff,SYNTHETIC_REFERENCE
ATM000625,18.494933,73.86889,Maharashtra,Pune,8860885053fffff,89608850533ffff,SYNTHETIC_REFERENCE
ATM000626,17.392038,78.514908,Maharashtra,Hyderabad,8860a25b61fffff,8960a25b613ffff,SYNTHETIC_REFERENCE
ATM000627,13.081018,80.272172,Tamil Nadu,Chennai,88618c4885fffff,89618c48857ffff,SYNTHETIC_REFERENCE
ATM000628,23.025665,72.544869,Rajasthan,Ahmedabad,8842ceb5d7fffff,8942ceb5d67ffff,SYNTHETIC_REFERENCE
ATM000629,19.150758,72.715708,Maharashtra,Mumbai,88608b7313fffff,89608b7313bffff,SYNTHETIC_REFERENCE
ATM000630,12.987172,77.657955,Karnataka,Bangalore,8861892ec5fffff,8961892ec5bffff,SYNTHETIC_REFERENCE
ATM000631,22.92915,72.588941,Gujarat,Ahmedabad,8842cea545fffff,8942cea5443ffff,SYNTHETIC_REFERENCE
ATM000632,26.920693,75.831587,Rajasthan,Jaipur,883da21897fffff,893da218977ffff,SYNTHETIC_REFERENCE
ATM000633,22.558297,88.351202,West Bengal,Kolkata,883cf2c661fffff,893cf2c660bffff,SYNTHETIC_REFERENCE
ATM000634,22.610156,88.410578,West Bengal,Kolkata,883cf28907fffff,893cf28907bffff,SYNTHETIC_REFERENCE
ATM000635,28.611968,77.176743,Uttar Pradesh,Delhi,883da1173bfffff,893da1173bbffff,SYNTHETIC_REFERENCE
ATM000636,13.066369,80.248036,Tamil Nadu,Chennai,88618c4891fffff,89618c48913ffff,SYNTHETIC_REFERENCE
ATM000637,22.570256,88.351377,West Bengal,Kolkata,883cf2c66bfffff,893cf2c66b3ffff,SYNTHETIC_REFERENCE
ATM000638,12.987653,77.580748,Karnataka,Bangalore,8860145b09fffff,8960145b09bffff,SYNTHETIC_REFERENCE
ATM000639,12.969583,77.596716,Karnataka,Bangalore,8860145b49fffff,8960145b493ffff,SYNTHETIC_REFERENCE
ATM000640,17.418208,78.516348,Maharashtra,Hyderabad,8860b52cd1fffff,8960b52cd0fffff,SYNTHETIC_REFERENCE
ATM000641,19.058116,73.048493,Maharashtra,Mumbai,88608bcdc9fffff,89608bcdc9bffff,SYNTHETIC_REFERENCE
ATM000642,17.413419,78.489757,Maharashtra,Hyderabad,8860a25b27fffff,8960a25b277ffff,SYNTHETIC_REFERENCE
ATM000643,12.97139,77.595023,Karnataka,Bangalore,8860145b49fffff,8960145b483ffff,SYNTHETIC_REFERENCE
ATM000644,17.407695,78.510594,Maharashtra,Hyderabad,8860b52cdbfffff,8960b52cda7ffff,SYNTHETIC_REFERENCE
ATM000645,28.575262,77.21098,Uttar Pradesh,Delhi,883da11515fffff,893da115157ffff,SYNTHETIC_REFERENCE
ATM000646,26.880122,75.779962,Rajasthan,Jaipur,883da219d1fffff,893da219d73ffff,SYNTHETIC_REFERENCE
ATM000647,22.606557,88.366269,West Bengal,Kolkata,883cf2d4b1fffff,893cf2d4b07ffff,SYNTHETIC_REFERENCE
ATM000648,18.552015,73.849118,Maharashtra,Pune,88608851d5fffff,89608851d47ffff,SYNTHETIC_REFERENCE
ATM000649,23.015618,72.554617,Rajasthan,Ahmedabad,8842ceb591fffff,8942ceb590bffff,SYNTHETIC_REFERENCE
ATM000650,13.094999,80.188898,Tamil Nadu,Chennai,88618c4d31fffff,89618c4d30fffff,SYNTHETIC_REFERENCE
ATM000651,18.7439,72.830698,Maharashtra,Mumbai,88608b8da5fffff,89608b8da47ffff,SYNTHETIC_REFERENCE
ATM000652,22.573649,88.364708,West Bengal,Kolkata,883cf2c647fffff,893cf2c646fffff,SYNTHETIC_REFERENCE
ATM000653,22.584206,88.268699,West Bengal,Kolkata,883cf2d51bfffff,893cf2d51bbffff,SYNTHETIC_REFERENCE
ATM000654,23.033094,72.581327,Rajasthan,Ahmedabad,8842cea64bfffff,8942cea64abffff,SYNTHETIC_REFERENCE
ATM000655,13.101598,80.272114,Tamil Nadu,Chennai,88618c48a1fffff,89618c48a0fffff,SYNTHETIC_REFERENCE
ATM000656,28.621915,77.14743,Uttar Pradesh,Delhi,883da11709fffff,893da11708bffff,SYNTHETIC_REFERENCE
ATM000657,12.955909,77.617309,Karnataka,Bangalore,88618925e7fffff,89618925e67ffff,SYNTHETIC_REFERENCE
ATM000658,17.406343,78.48719,Maharashtra,Hyderabad,8860a25b23fffff,8960a25b237ffff,SYNTHETIC_REFERENCE
ATM000659,18.420516,73.71915,Maharashtra,Pune,88608856e3fffff,89608856e2bffff,SYNTHETIC_REFERENCE
ATM000660,22.573737,88.362857,West Bengal,Kolkata,883cf2c647fffff,893cf2c646fffff,SYNTHETIC_REFERENCE
ATM000661,17.458579,78.42991,Maharashtra,Hyderabad,8860b196d9fffff,8960b196d87ffff,SYNTHETIC_REFERENCE
ATM000662,26.851175,80.922781,Uttar Pradesh,Lucknow,883d8dcd49fffff,893d8dcd493ffff,SYNTHETIC_REFERENCE
ATM000663,18.507008,73.867219,Maharashtra,Pune,886088501dfffff,896088501d7ffff,SYNTHETIC_REFERENCE
ATM000664,12.986212,77.600387,Karnataka,Bangalore,8861892e93fffff,8961892e927ffff,SYNTHETIC_REFERENCE
ATM000665,28.615057,77.265421,Uttar Pradesh,Delhi,883da114e5fffff,893da114e47ffff,SYNTHETIC_REFERENCE
ATM000666,28.613228,77.154253,Uttar Pradesh,Delhi,883da11707fffff,893da117073ffff,SYNTHETIC_REFERENCE
ATM000667,13.149167,77.663149,Karnataka,Bangalore,8860169281fffff,89601692807ffff,SYNTHETIC_REFERENCE
ATM000668,28.721758,77.162814,Uttar Pradesh,Delhi,883da18c95fffff,893da18c953ffff,SYNTHETIC_REFERENCE
ATM000669,28.672776,77.205348,Uttar Pradesh,Delhi,883da11615fffff,893da116147ffff,SYNTHETIC_REFERENCE
ATM000670,12.97658,77.59288,Karnataka,Bangalore,8860145b41fffff,8960145b413ffff,SYNTHETIC_REFERENCE
ATM000671,28.601296,77.225274,Uttar Pradesh,Delhi,883da11423fffff,893da11423bffff,SYNTHETIC_REFERENCE
ATM000672,26.91382,75.792765,Rajasthan,Jaipur,883da2188dfffff,893da2188c3ffff,SYNTHETIC_REFERENCE
ATM000673,18.977883,72.777503,Maharashtra,Mumbai,88608b0133fffff,89608b0133bffff,SYNTHETIC_REFERENCE
ATM000674,22.565449,88.359617,West Bengal,Kolkata,883cf2c66bfffff,893cf2c66afffff,SYNTHETIC_REFERENCE
ATM000675,13.103406,80.218158,Tamil Nadu,Chennai,88618c4d2dfffff,89618c4d2cfffff,SYNTHETIC_REFERENCE
ATM000676,26.816254,80.976183,Uttar Pradesh,Lucknow,883d8dcd33fffff,893d8dcd32bffff,SYNTHETIC_REFERENCE
ATM000677,28.612029,77.245036,Uttar Pradesh,Delhi,883da11431fffff,893da114307ffff,SYNTHETIC_REFERENCE
ATM000678,17.402852,78.476328,Maharashtra,Hyderabad,8860a25b31fffff,8960a25b31bffff,SYNTHETIC_REFERENCE
ATM000679,26.769048,80.963673,Uttar Pradesh,Lucknow,883d8d52e7fffff,893d8d52e63ffff,SYNTHETIC_REFERENCE
ATM000680,26.911394,75.784503,Rajasthan,Jaipur,883da218ebfffff,893da218ea3ffff,SYNTHETIC_REFERENCE
ATM000681,26.91217,75.787253,Rajasthan,Jaipur,883da218ebfffff,893da218eafffff,SYNTHETIC_REFERENCE
ATM000682,12.947815,77.567262,Karnataka,Bangalore,8860145a61fffff,8960145a613ffff,SYNTHETIC_REFERENCE
ATM000683,28.771668,77.410858,Uttar Pradesh,Delhi,883da1a133fffff,893da1a132bffff,SYNTHETIC_REFERENCE
ATM000684,18.507777,73.85457,Maharashtra,Pune,8860885013fffff,89608850133ffff,SYNTHETIC_REFERENCE
ATM000685,26.8061,80.946826,Uttar Pradesh,Lucknow,883d8dcd27fffff,893d8dcd273ffff,SYNTHETIC_REFERENCE
ATM000686,22.588362,88.372641,West Bengal,Kolkata,883cf2c65dfffff,893cf2c65cfffff,SYNTHETIC_REFERENCE
ATM000687,22.584623,88.330346,West Bengal,Kolkata,883cf2d599fffff,893cf2d5987ffff,SYNTHETIC_REFERENCE
ATM000688,12.939483,77.583946,Karnataka,Bangalore,8861892595fffff,89618925947ffff,SYNTHETIC_REFERENCE
ATM000689,23.030832,72.573409,Rajasthan,Ahmedabad,8842cea649fffff,8942cea6413ffff,SYNTHETIC_REFERENCE
ATM000690,28.59745,77.215715,Uttar Pradesh,Delhi,883da11425fffff,893da114257ffff,SYNTHETIC_REFERENCE
ATM000691,17.490696,78.52297,Maharashtra,Hyderabad,8860b19669fffff,8960b19669bffff,SYNTHETIC_REFERENCE
ATM000692,13.167337,80.25972,Tamil Nadu,Chennai,88618eb357fffff,89618eb3567ffff,SYNTHETIC_REFERENCE
ATM000693,22.582062,88.351147,West Bengal,Kolkata,883cf2c64dfffff,893cf2c64cfffff,SYNTHETIC_REFERENCE
ATM000694,12.984734,77.5907,Karnataka,Bangalore,8860145b45fffff,8960145b447ffff,SYNTHETIC_REFERENCE
ATM000695,28.935302,77.093703,Uttar Pradesh,Delhi,883d124927fffff,893d124926fffff,SYNTHETIC_REFERENCE
ATM000696,18.477517,73.674317,Maharashtra,Pune,88608854a3fffff,89608854a37ffff,SYNTHETIC_REFERENCE
ATM000697,12.955695,77.586186,Karnataka,Bangalore,88618925b1fffff,89618925b03ffff,SYNTHETIC_REFERENCE
ATM000698,22.528227,88.384264,West Bengal,Kolkata,883cf2c441fffff,893cf2c441bffff,SYNTHETIC_REFERENCE
ATM000699,28.679345,77.245804,Uttar Pradesh,Delhi,883da11689fffff,893da11688bffff,SYNTHETIC_REFERENCE
ATM000700,13.094285,80.268623,Tamil Nadu,Chennai,88618c48abfffff,89618c48aabffff,SYNTHETIC_REFERENCE
ATM000701,22.606993,88.22975,West Bengal,Kolkata,883cf2d731fffff,893cf2d7303ffff,SYNTHETIC_REFERENCE
ATM000702,19.347539,72.771904,Maharashtra,Mumbai,88608b4c9bfffff,89608b4c9afffff,SYNTHETIC_REFERENCE
ATM000703,17.16034,78.455064,Maharashtra,Hyderabad,8860a2524dfffff,8960a2524d3ffff,SYNTHETIC_REFERENCE
ATM000704,28.614606,77.193978,Uttar Pradesh,Delhi,883da11461fffff,893da11461bffff,SYNTHETIC_REFERENCE
ATM000705,18.963379,72.895418,Maharashtra,Mumbai,88608b1811fffff,89608b1811bffff,SYNTHETIC_REFERENCE
ATM000706,26.847614,80.988208,Uttar Pradesh,Lucknow,883d8dcdcdfffff,893d8dcdcc3ffff,SYNTHETIC_REFERENCE
ATM000707,17.379679,78.477352,Maharashtra,Hyderabad,8860a25b1dfffff,8960a25b1c3ffff,SYNTHETIC_REFERENCE
ATM000708,26.863311,75.763337,Rajasthan,Jaipur,883da2198dfffff,893da2198d3ffff,SYNTHETIC_REFERENCE
ATM000709,12.971271,77.594005,Karnataka,Bangalore,8860145b49fffff,8960145b483ffff,SYNTHETIC_REFERENCE
ATM000710,18.539805,73.858187,Maharashtra,Pune,8860885037fffff,89608850363ffff,SYNTHETIC_REFERENCE
ATM000711,23.033431,72.565332,Rajasthan,Ahmedabad,8842ceb4a7fffff,8942ceb4a67ffff,SYNTHETIC_REFERENCE
ATM000712,22.564008,88.353043,West Bengal,Kolkata,883cf2c661fffff,893cf2c6617ffff,SYNTHETIC_REFERENCE
ATM000713,13.038799,80.363866,Unknown,Chennai,88618c4a29fffff,89618c4a28fffff,SYNTHETIC_REFERENCE
ATM000714,13.082284,80.264501,Tamil Nadu,Chennai,88618c4887fffff,89618c48877ffff,SYNTHETIC_REFERENCE
ATM000715,17.383402,78.487805,Maharashtra,Hyderabad,8860a25b01fffff,8960a25b007ffff,SYNTHETIC_REFERENCE
ATM000716,26.808259,80.952239,Uttar Pradesh,Lucknow,883d8dcd23fffff,893d8dcd23bffff,SYNTHETIC_REFERENCE
ATM000717,26.921008,75.79631,Rajasthan,Jaipur,883da21889fffff,893da218883ffff,SYNTHETIC_REFERENCE
ATM000718,26.774477,81.007761,Uttar Pradesh,Lucknow,883d8d52bbfffff,893d8d52babffff,SYNTHETIC_REFERENCE
ATM000719,28.617437,77.208834,Uttar Pradesh,Delhi,883da11463fffff,893da114637ffff,SYNTHETIC_REFERENCE
ATM000720,23.024443,72.548372,Rajasthan,Ahmedabad,8842ceb599fffff,8942ceb599bffff,SYNTHETIC_REFERENCE
ATM000721,26.80765,80.982353,Uttar Pradesh,Lucknow,883d8d52ddfffff,893d8d52d8bffff,SYNTHETIC_REFERENCE
ATM000722,28.810664,77.082941,Uttar Pradesh,Delhi,883da18539fffff,893da185397ffff,SYNTHETIC_REFERENCE
ATM000723,19.040882,72.858438,Maharashtra,Mumbai,88608b0b5dfffff,89608b0b5d7ffff,SYNTHETIC_REFERENCE
ATM000724,23.026034,72.557286,Rajasthan,Ahmedabad,8842ceb59bfffff,8942ceb59bbffff,SYNTHETIC_REFERENCE
ATM000725,22.550979,88.353844,West Bengal,Kolkata,883cf2c667fffff,893cf2c666bffff,SYNTHETIC_REFERENCE
ATM000726,26.906531,75.777773,Rajasthan,Jaipur,883da218e1fffff,893da218e13ffff,SYNTHETIC_REFERENCE
ATM000727,28.681255,77.408305,Uttar Pradesh,Delhi,883da1a839fffff,893da1a8387ffff,SYNTHETIC_REFERENCE
ATM000728,23.04841,72.591541,Rajasthan,Ahmedabad,8842ceb4b3fffff,8942ceb4b2fffff,SYNTHETIC_REFERENCE
ATM000729,12.972433,77.596399,Karnataka,Bangalore,8860145b49fffff,8960145b49bffff,SYNTHETIC_REFERENCE
ATM000730,28.628053,77.212686,Uttar Pradesh,Delhi,883da11409fffff,893da11409bffff,SYNTHETIC_REFERENCE
ATM000731,28.63064,77.187976,Uttar Pradesh,Delhi,883da11713fffff,893da117137ffff,SYNTHETIC_REFERENCE
ATM000732,26.941806,75.776246,Rajasthan,Jaipur,883da21aa3fffff,893da21aa27ffff,SYNTHETIC_REFERENCE
ATM000733,18.484076,73.87294,Maharashtra,Pune,88608852e5fffff,89608852e4fffff,SYNTHETIC_REFERENCE
ATM000734,22.496776,88.355307,West Bengal,Kolkata,883cf2c731fffff,893cf2c730bffff,SYNTHETIC_REFERENCE
ATM000735,17.379712,78.513761,Maharashtra,Hyderabad,8860a25b45fffff,8960a25b45bffff,SYNTHETIC_REFERENCE
ATM000736,26.994743,75.714173,Rajasthan,Jaipur,883da21163fffff,893da21162bffff,SYNTHETIC_REFERENCE
ATM000737,17.410422,78.465674,Maharashtra,Hyderabad,8860a25b37fffff,8960a25b36fffff,SYNTHETIC_REFERENCE
ATM000738,26.916408,75.761405,Rajasthan,Jaipur,883da21811fffff,893da21810fffff,SYNTHETIC_REFERENCE
ATM000739,13.070658,80.270196,Tamil Nadu,Chennai,88618c4889fffff,89618c4888fffff,SYNTHETIC_REFERENCE
ATM000740,17.374633,78.479997,Maharashtra,Hyderabad,8860a25b57fffff,8960a25b1d3ffff,SYNTHETIC_REFERENCE
ATM000741,13.03196,80.363135,Unknown,Chennai,88618c4a05fffff,89618c4a04bffff,SYNTHETIC_REFERENCE
ATM000742,17.386178,78.491465,Maharashtra,Hyderabad,8860a25b01fffff,8960a25b003ffff,SYNTHETIC_REFERENCE
ATM000743,23.138209,72.628955,Rajasthan,Ahmedabad,8842cc684bfffff,8942cc684b7ffff,SYNTHETIC_REFERENCE
ATM000744,22.544642,88.362664,West Bengal,Kolkata,883cf2c62dfffff,893cf2c62cfffff,SYNTHETIC_REFERENCE
ATM000745,13.012388,77.490985,Karnataka,Bangalore,8860145833fffff,8960145832bffff,SYNTHETIC_REFERENCE
ATM000746,26.891012,75.828451,Rajasthan,Jaipur,883da20a4bfffff,893da218b6bffff,SYNTHETIC_REFERENCE
ATM000747,17.393426,78.420867,Maharashtra,Hyderabad,8860a25839fffff,8960a25839bffff,SYNTHETIC_REFERENCE
ATM000748,22.638188,88.463244,West Bengal,Kolkata,883cf289cbfffff,893cf289cabffff,SYNTHETIC_REFERENCE
ATM000749,26.83543,80.943749,Uttar Pradesh,Lucknow,883d8dcd09fffff,893d8dcd08bffff,SYNTHETIC_REFERENCE
ATM000750,18.518466,73.857821,Maharashtra,Pune,8860885017fffff,8960885017bffff,SYNTHETIC_REFERENCE
ATM000751,28.689385,77.298023,Uttar Pradesh,Delhi,883da1ab45fffff,893da1ab447ffff,SYNTHETIC_REFERENCE
ATM000752,26.866361,80.947002,Uttar Pradesh,Lucknow,883d8dcf33fffff,893d8dcf327ffff,SYNTHETIC_REFERENCE
ATM000753,18.517502,73.856625,Maharashtra,Pune,8860885017fffff,89608850163ffff,SYNTHETIC_REFERENCE
ATM000754,17.400133,78.484292,Maharashtra,Hyderabad,8860a25b3dfffff,8960a25b3d3ffff,SYNTHETIC_REFERENCE
ATM000755,28.604941,77.238123,Uttar Pradesh,Delhi,883da11435fffff,893da114343ffff,SYNTHETIC_REFERENCE
ATM000756,23.023008,72.571071,Rajasthan,Ahmedabad,8842cea645fffff,8942cea6453ffff,SYNTHETIC_REFERENCE
ATM000757,18.500198,73.696992,Maharashtra,Pune,886088559dfffff,896088559d3ffff,SYNTHETIC_REFERENCE
ATM000758,22.582429,88.42667,West Bengal,Kolkata,883cf2c6c1fffff,893cf2c6c07ffff,SYNTHETIC_REFERENCE
ATM000759,26.90855,75.711072,Rajasthan,Jaipur,883da21869fffff,893da218687ffff,SYNTHETIC_REFERENCE
ATM000760,23.008669,72.579228,Rajasthan,Ahmedabad,8842cea661fffff,8942cea6607ffff,SYNTHETIC_REFERENCE
ATM000761,28.571468,77.303654,Uttar Pradesh,Delhi,883da10661fffff,893da10661bffff,SYNTHETIC_REFERENCE
ATM000762,17.38989,78.475514,Maharashtra,Hyderabad,8860a25b39fffff,8960a25b397ffff,SYNTHETIC_REFERENCE
ATM000763,12.876203,77.697453,Karnataka,Bangalore,8861892743fffff,8961892742bffff,SYNTHETIC_REFERENCE
ATM000764,23.088635,72.379339,Rajasthan,Ahmedabad,8842cc4debfffff,8942cc4dea7ffff,SYNTHETIC_REFERENCE
ATM000765,19.077198,72.830534,Maharashtra,Mumbai,88608b0b33fffff,89608b0b337ffff,SYNTHETIC_REFERENCE
ATM000766,22.523895,88.329952,West Bengal,Kolkata,883cf2c709fffff,893cf2c7467ffff,SYNTHETIC_REFERENCE
ATM000767,23.054114,72.589161,Rajasthan,Ahmedabad,8842cc696dfffff,8942cc696dbffff,SYNTHETIC_REFERENCE
ATM000768,26.910337,75.779861,Rajasthan,Jaipur,883da218e9fffff,893da218ebbffff,SYNTHETIC_REFERENCE
ATM000769,17.395041,78.43301,Maharashtra,Hyderabad,8860a25805fffff,8960a25804fffff,SYNTHETIC_REFERENCE
ATM000770,26.913488,75.786483,Rajasthan,Jaipur,883da218ebfffff,893da218ea7ffff,SYNTHETIC_REFERENCE
ATM000771,28.607377,77.287104,Uttar Pradesh,Delhi,883da114a1fffff,893da114a03ffff,SYNTHETIC_REFERENCE
ATM000772,26.899013,75.835356,Rajasthan,Jaipur,883da218b3fffff,893da20a593ffff,SYNTHETIC_REFERENCE
ATM000773,28.614458,77.199792,Uttar Pradesh,Delhi,883da11461fffff,893da11460fffff,SYNTHETIC_REFERENCE
ATM000774,17.342576,78.48312,Maharashtra,Hyderabad,8860a25a61fffff,8960a25a61bffff,SYNTHETIC_REFERENCE
ATM000775,22.940325,72.66753,Gujarat,Ahmedabad,8842cea589fffff,8942cea5893ffff,SYNTHETIC_REFERENCE
ATM000776,28.655853,77.118965,Uttar Pradesh,Delhi,883da18d87fffff,893da18d86bffff,SYNTHETIC_REFERENCE
ATM000777,12.963755,77.556888,Karnataka,Bangalore,8860145a2dfffff,8960145a2c3ffff,SYNTHETIC_REFERENCE
ATM000778,23.069845,72.543431,Rajasthan,Ahmedabad,8842ceb4c1fffff,8942ceb4c0fffff,SYNTHETIC_REFERENCE
ATM000779,23.011299,72.475296,Rajasthan,Ahmedabad,8842ceb50bfffff,8942ceb50a3ffff,SYNTHETIC_REFERENCE
ATM000780,18.508865,73.934052,Maharashtra,Pune,8860885355fffff,8960885354fffff,SYNTHETIC_REFERENCE
ATM000781,18.526418,73.875891,Maharashtra,Pune,8860885007fffff,89608850063ffff,SYNTHETIC_REFERENCE
ATM000782,22.466936,88.556534,West Bengal,Kolkata,883cf21ac7fffff,893cf21ac67ffff,SYNTHETIC_REFERENCE
ATM000783,13.016886,77.535788,Karnataka,Bangalore,886014595bfffff,896014595a3ffff,SYNTHETIC_REFERENCE
ATM000784,17.377896,78.435721,Maharashtra,Hyderabad,8860a25809fffff,8960a258083ffff,SYNTHETIC_REFERENCE
ATM000785,28.66252,77.189918,Uttar Pradesh,Delhi,883da11607fffff,893da11606bffff,SYNTHETIC_REFERENCE
ATM000786,26.842324,80.95189,Uttar Pradesh,Lucknow,883d8dcd55fffff,893d8dcd54fffff,SYNTHETIC_REFERENCE
ATM000787,22.589118,88.288599,West Bengal,Kolkata,883cf2d5c9fffff,893cf2d5c8fffff,SYNTHETIC_REFERENCE
ATM000788,13.081972,80.270938,Tamil Nadu,Chennai,88618c4885fffff,89618c48857ffff,SYNTHETIC_REFERENCE
ATM000789,13.083328,80.269461,Tamil Nadu,Chennai,88618c4885fffff,89618c48847ffff,SYNTHETIC_REFERENCE
ATM000790,26.810771,80.811381,Uttar Pradesh,Lucknow,883d8dc829fffff,893d8dc8287ffff,SYNTHETIC_REFERENCE
ATM000791,28.595468,77.217719,Uttar Pradesh,Delhi,883da11425fffff,893da114247ffff,SYNTHETIC_REFERENCE
ATM000792,22.547381,88.268791,West Bengal,Kolkata,883cf2d537fffff,893cf2d5367ffff,SYNTHETIC_REFERENCE
ATM000793,22.396852,88.306714,West Bengal,Kolkata,883cf2ce65fffff,893cf2ce647ffff,SYNTHETIC_REFERENCE
ATM000794,18.549917,73.867619,Maharashtra,Pune,88608851c1fffff,89608851c17ffff,SYNTHETIC_REFERENCE
ATM000795,19.040885,72.693004,Maharashtra,Mumbai,88608b0d43fffff,89608b0d437ffff,SYNTHETIC_REFERENCE
ATM000796,26.936868,75.845553,Rajasthan,Jaipur,883da20149fffff,893da20148bffff,SYNTHETIC_REFERENCE
ATM000797,26.829837,80.940386,Uttar Pradesh,Lucknow,883d8dcd0dfffff,893d8dcd0c3ffff,SYNTHETIC_REFERENCE
ATM000798,22.646112,88.450157,West Bengal,Kolkata,883cf28823fffff,893cf28822bffff,SYNTHETIC_REFERENCE
ATM000799,18.529163,73.871665,Maharashtra,Pune,886088503dfffff,896088503d7ffff,SYNTHETIC_REFERENCE
ATM000800,26.82865,81.027006,Uttar Pradesh,Lucknow,883d8dcdb9fffff,893d8dcdb9bffff,SYNTHETIC_REFERENCE
ATM000801,22.9896,72.502248,Gujarat,Ahmedabad,8842ceb533fffff,8942cea2d93ffff,SYNTHETIC_REFERENCE
ATM000802,28.613784,77.29261,Uttar Pradesh,Delhi,883da114abfffff,893da114aa3ffff,SYNTHETIC_REFERENCE
ATM000803,22.48622,88.318511,West Bengal,Kolkata,883cf2c0d3fffff,893cf2c0d23ffff,SYNTHETIC_REFERENCE
ATM000804,18.520456,73.856678,Maharashtra,Pune,8860885017fffff,8960885016bffff,SYNTHETIC_REFERENCE
ATM000805,13.081682,80.267384,Tamil Nadu,Chennai,88618c4881fffff,89618c48873ffff,SYNTHETIC_REFERENCE
ATM000806,23.008479,72.565998,Rajasthan,Ahmedabad,8842cea66dfffff,8942cea66d3ffff,SYNTHETIC_REFERENCE
ATM000807,26.841537,80.963429,Uttar Pradesh,Lucknow,883d8dcd1dfffff,893d8dcd1d7ffff,SYNTHETIC_REFERENCE
ATM000808,26.836433,80.935696,Uttar Pradesh,Lucknow,883d8dcd47fffff,893d8dcd463ffff,SYNTHETIC_REFERENCE
ATM000809,13.079969,80.241484,Tamil Nadu,Chennai,88618c4897fffff,89618c4896bffff,SYNTHETIC_REFERENCE
ATM000810,28.718226,77.263375,Uttar Pradesh,Delhi,883da1b9e1fffff,893da1b9e0fffff,SYNTHETIC_REFERENCE
ATM000811,26.842461,80.96926,Uttar Pradesh,Lucknow,883d8dcd19fffff,893d8dcd113ffff,SYNTHETIC_REFERENCE
ATM000812,26.90627,75.772036,Rajasthan,Jaipur,883da218edfffff,893da218ed7ffff,SYNTHETIC_REFERENCE
ATM000813,28.646863,77.2229,Uttar Pradesh,Delhi,883da11451fffff,893da114513ffff,SYNTHETIC_REFERENCE
ATM000814,26.88166,80.932862,Uttar Pradesh,Lucknow,883d8dcf15fffff,893d8dcf157ffff,SYNTHETIC_REFERENCE
ATM000815,26.894975,75.751493,Rajasthan,Jaipur,883da2183dfffff,893da2183c7ffff,SYNTHETIC_REFERENCE
ATM000816,22.582201,88.394018,West Bengal,Kolkata,883cf2c619fffff,893cf2c6183ffff,SYNTHETIC_REFERENCE
ATM000817,22.573034,88.357761,West Bengal,Kolkata,883cf2c647fffff,893cf2c647bffff,SYNTHETIC_REFERENCE
ATM000818,17.381628,78.506985,Maharashtra,Hyderabad,8860a25b47fffff,8960a25b6b7ffff,SYNTHETIC_REFERENCE
ATM000819,18.75463,73.032774,Maharashtra,Mumbai,88608b895dfffff,89608b894a7ffff,SYNTHETIC_REFERENCE
ATM000820,17.424913,78.505885,Maharashtra,Hyderabad,8860b52c99fffff,8960b52c99bffff,SYNTHETIC_REFERENCE
ATM000821,26.966454,75.915443,Rajasthan,Jaipur,883da20039fffff,893da200383ffff,SYNTHETIC_REFERENCE
ATM000822,19.111152,72.910093,Maharashtra,Mumbai,88608b5413fffff,89608b54127ffff,SYNTHETIC_REFERENCE
ATM000823,17.379447,78.410707,Maharashtra,Hyderabad,8860a25811fffff,8960a25811bffff,SYNTHETIC_REFERENCE
ATM000824,17.362465,78.499459,Maharashtra,Hyderabad,8860a25b4bfffff,8960a25b4a7ffff,SYNTHETIC_REFERENCE
ATM000825,22.559765,88.374746,West Bengal,Kolkata,883cf2c607fffff,893cf2c607bffff,SYNTHETIC_REFERENCE
ATM000826,26.853567,80.972532,Uttar Pradesh,Lucknow,883d8dcc25fffff,893d8dcc243ffff,SYNTHETIC_REFERENCE
ATM000827,17.382642,78.508125,Maharashtra,Hyderabad,8860a25b6bfffff,8960a25b6b7ffff,SYNTHETIC_REFERENCE
ATM000828,17.270463,78.306136,Maharashtra,Hyderabad,8860a2420bfffff,8960a2420b3ffff,SYNTHETIC_REFERENCE
ATM000829,23.020138,72.568631,Rajasthan,Ahmedabad,8842ceb593fffff,8942ceb5927ffff,SYNTHETIC_REFERENCE
ATM000830,13.227982,80.346529,Unknown,Chennai,88618e841dfffff,89618e841c7ffff,SYNTHETIC_REFERENCE
ATM000831,12.970306,77.599676,Karnataka,Bangalore,88618925a7fffff,89618925a67ffff,SYNTHETIC_REFERENCE
ATM000832,13.040203,80.238479,Tamil Nadu,Chennai,88618c4f2bfffff,89618c4f2bbffff,SYNTHETIC_REFERENCE
ATM000833,28.600132,77.187681,Uttar Pradesh,Delhi,883da11559fffff,893da115583ffff,SYNTHETIC_REFERENCE
ATM000834,28.863861,77.236105,Uttar Pradesh,Delhi,883da1b12bfffff,893da1b12b3ffff,SYNTHETIC_REFERENCE
ATM000835,13.082659,80.332367,Unknown,Chennai,88618c4805fffff,89618c48043ffff,SYNTHETIC_REFERENCE
ATM000836,13.06934,80.219818,Tamil Nadu,Chennai,88618c4d47fffff,89618c4d463ffff,SYNTHETIC_REFERENCE
ATM000837,26.842625,80.958753,Uttar Pradesh,Lucknow,883d8dcd57fffff,893d8dcd56bffff,SYNTHETIC_REFERENCE
ATM000838,17.286559,78.414339,Maharashtra,Hyderabad,8860a25139fffff,8960a251397ffff,SYNTHETIC_REFERENCE
ATM000839,22.578699,88.361854,West Bengal,Kolkata,883cf2c647fffff,893cf2c6477ffff,SYNTHETIC_REFERENCE
ATM000840,18.59322,73.970361,Maharashtra,Pune,88608e24a1fffff,89608e24a17ffff,SYNTHETIC_REFERENCE
ATM000841,19.059714,72.674795,Maharashtra,Mumbai,88608b0d39fffff,89608b0d393ffff,SYNTHETIC_REFERENCE
ATM000842,18.531666,73.897111,Maharashtra,Pune,8860885067fffff,89608850673ffff,SYNTHETIC_REFERENCE
ATM000843,28.588215,77.11635,Uttar Pradesh,Delhi,883da110ddfffff,893da110dc3ffff,SYNTHETIC_REFERENCE
ATM000844,26.846533,80.947341,Uttar Pradesh,Lucknow,883d8dcd55fffff,893d8dcd553ffff,SYNTHETIC_REFERENCE
ATM000845,28.595053,77.196613,Uttar Pradesh,Delhi,883da11551fffff,893da115507ffff,SYNTHETIC_REFERENCE
ATM000846,12.920924,80.323771,Unknown,Chennai,88618c406dfffff,89618c406d7ffff,SYNTHETIC_REFERENCE
ATM000847,18.943496,72.981168,Maharashtra,Mumbai,88608bc5b5fffff,89608bc5b47ffff,SYNTHETIC_REFERENCE
ATM000848,26.862105,80.988641,Uttar Pradesh,Lucknow,883d8dcc23fffff,893d8dcc227ffff,SYNTHETIC_REFERENCE
ATM000849,22.578732,88.363097,West Bengal,Kolkata,883cf2c647fffff,893cf2c6477ffff,SYNTHETIC_REFERENCE
ATM000850,22.603595,88.365734,West Bengal,Kolkata,883cf2d4b1fffff,893cf2d4b0fffff,SYNTHETIC_REFERENCE
ATM000851,19.179548,72.950094,Maharashtra,Mumbai,88608b553bfffff,89608b553bbffff,SYNTHETIC_REFERENCE
ATM000852,23.044969,72.556792,Rajasthan,Ahmedabad,8842ceb4abfffff,8942ceb4abbffff,SYNTHETIC_REFERENCE
ATM000853,12.970133,77.62897,Karnataka,Bangalore,8861892ed1fffff,8961892ed03ffff,SYNTHETIC_REFERENCE
ATM000854,26.911946,75.786639,Rajasthan,Jaipur,883da218ebfffff,893da218eafffff,SYNTHETIC_REFERENCE
ATM000855,12.923855,77.562883,Karnataka,Bangalore,8860145a41fffff,8960145a413ffff,SYNTHETIC_REFERENCE
ATM000856,28.600547,77.191014,Uttar Pradesh,Delhi,883da11559fffff,893da115583ffff,SYNTHETIC_REFERENCE
ATM000857,19.074072,72.869122,Maharashtra,Mumbai,88608b0b63fffff,89608b0b63bffff,SYNTHETIC_REFERENCE
ATM000858,13.11846,80.380319,Unknown,Chennai,88618c4945fffff,89618c49457ffff,SYNTHETIC_REFERENCE
ATM000859,22.572947,88.363194,West Bengal,Kolkata,883cf2c647fffff,893cf2c646fffff,SYNTHETIC_REFERENCE
ATM000860,19.076221,72.900936,Maharashtra,Mumbai,88608b56b9fffff,89608b56b83ffff,SYNTHETIC_REFERENCE
ATM000861,23.021335,72.584763,Rajasthan,Ahmedabad,8842cea647fffff,8942cea646fffff,SYNTHETIC_REFERENCE
ATM000862,13.113584,80.283012,Tamil Nadu,Chennai,88618c4999fffff,89618c49983ffff,SYNTHETIC_REFERENCE
ATM000863,22.567554,88.309845,West Bengal,Kolkata,883cf2d581fffff,893cf2d580fffff,SYNTHETIC_REFERENCE
ATM000864,13.080875,80.265856,Tamil Nadu,Chennai,88618c4881fffff,89618c4880fffff,SYNTHETIC_REFERENCE
ATM000865,13.176739,80.239724,Tamil Nadu,Chennai,88618eb313fffff,89618eb3123ffff,SYNTHETIC_REFERENCE
ATM000866,22.604663,88.268925,West Bengal,Kolkata,883cf2d429fffff,893cf2d428fffff,SYNTHETIC_REFERENCE
ATM000867,28.667646,77.181505,Uttar Pradesh,Delhi,883da11601fffff,893da11600bffff,SYNTHETIC_REFERENCE
ATM000868,28.636067,77.286833,Uttar Pradesh,Delhi,883da11489fffff,893da114883ffff,SYNTHETIC_REFERENCE
ATM000869,26.909849,75.733093,Rajasthan,Jaipur,883da21801fffff,893da218013ffff,SYNTHETIC_REFERENCE
ATM000870,26.844475,80.946616,Uttar Pradesh,Lucknow,883d8dcd55fffff,893d8dcd55bffff,SYNTHETIC_REFERENCE
ATM000871,17.28029,78.602217,Maharashtra,Hyderabad,8860b52703fffff,8960b527033ffff,SYNTHETIC_REFERENCE
ATM000872,12.932077,77.569962,Karnataka,Bangalore,8861892593fffff,89618925927ffff,SYNTHETIC_REFERENCE
ATM000873,18.51756,73.878617,Maharashtra,Pune,8860885001fffff,89608850003ffff,SYNTHETIC_REFERENCE
ATM000874,13.129841,80.232866,Tamil Nadu,Chennai,88618eb203fffff,89618eb2033ffff,SYNTHETIC_REFERENCE
ATM000875,19.088666,72.822003,Maharashtra,Mumbai,88608b0951fffff,89608b09517ffff,SYNTHETIC_REFERENCE
ATM000876,28.599392,77.191225,Uttar Pradesh,Delhi,883da11559fffff,893da11558fffff,SYNTHETIC_REFERENCE
ATM000877,23.016078,72.544831,Rajasthan,Ahmedabad,8842ceb59dfffff,8942ceb59dbffff,SYNTHETIC_REFERENCE
ATM000878,18.475967,73.874532,Maharashtra,Pune,88608852e1fffff,89608852e1bffff,SYNTHETIC_REFERENCE
ATM000879,19.081472,72.87555,Maharashtra,Mumbai,88608b0b65fffff,89608b0b647ffff,SYNTHETIC_REFERENCE
ATM000880,12.981373,77.575046,Karnataka,Bangalore,8860145b55fffff,8960145b54bffff,SYNTHETIC_REFERENCE
ATM000881,12.970755,77.59447,Karnataka,Bangalore,8860145b49fffff,8960145b483ffff,SYNTHETIC_REFERENCE
ATM000882,18.51011,73.888396,Maharashtra,Pune,8860885047fffff,89608850467ffff,SYNTHETIC_REFERENCE
ATM000883,19.13294,72.900195,Maharashtra,Mumbai,88608b54e7fffff,89608b54e63ffff,SYNTHETIC_REFERENCE
ATM000884,28.621478,77.204801,Uttar Pradesh,Delhi,883da1146bfffff,893da1146afffff,SYNTHETIC_REFERENCE
ATM000885,23.025145,72.545383,Rajasthan,Ahmedabad,8842ceb5d7fffff,8942ceb5d67ffff,SYNTHETIC_REFERENCE
ATM000886,28.601337,77.187725,Uttar Pradesh,Delhi,883da11559fffff,893da115593ffff,SYNTHETIC_REFERENCE
ATM000887,18.524231,73.863981,Maharashtra,Pune,8860885039fffff,89608850387ffff,SYNTHETIC_REFERENCE
ATM000888,12.983112,77.599409,Karnataka,Bangalore,8860145b4dfffff,8960145b4cbffff,SYNTHETIC_REFERENCE
ATM000889,18.977588,72.70388,Maharashtra,Mumbai,88608b0f5bfffff,89608b0f5a7ffff,SYNTHETIC_REFERENCE
ATM000890,12.999136,77.528668,Karnataka,Bangalore,8860145863fffff,89601458633ffff,SYNTHETIC_REFERENCE
ATM000891,23.034787,72.581653,Rajasthan,Ahmedabad,8842cea64bfffff,8942cea64a3ffff,SYNTHETIC_REFERENCE
ATM000892,26.908207,75.797782,Rajasthan,Jaipur,883da21885fffff,893da218853ffff,SYNTHETIC_REFERENCE
ATM000893,26.884565,75.784091,Rajasthan,Jaipur,883da219d3fffff,893da219d3bffff,SYNTHETIC_REFERENCE
ATM000894,17.36873,78.50845,Maharashtra,Hyderabad,8860a25b41fffff,8960a25b417ffff,SYNTHETIC_REFERENCE
ATM000895,18.553139,73.792038,Maharashtra,Pune,8860884255fffff,8960884254fffff,SYNTHETIC_REFERENCE
ATM000896,12.919861,77.734802,Karnataka,Bangalore,88618920cbfffff,89618920cbbffff,SYNTHETIC_REFERENCE
ATM000897,12.994659,77.586897,Karnataka,Bangalore,8860145b6bfffff,8960145b0dbffff,SYNTHETIC_REFERENCE
ATM000898,26.896557,75.809494,Rajasthan,Jaipur,883da218a3fffff,893da218a37ffff,SYNTHETIC_REFERENCE
ATM000899,19.25105,72.806171,Maharashtra,Mumbai,88608b45c3fffff,89608b45c2bffff,SYNTHETIC_REFERENCE
ATM000900,19.111819,72.906482,Maharashtra,Mumbai,88608b54c5fffff,89608b54c5bffff,SYNTHETIC_REFERENCE
ATM000901,12.932446,77.579854,Karnataka,Bangalore,8861892591fffff,89618925907ffff,SYNTHETIC_REFERENCE
ATM000902,19.136752,73.052625,Maharashtra,Mumbai,88608b5287fffff,89608b5287bffff,SYNTHETIC_REFERENCE
ATM000903,28.553645,77.069899,Uttar Pradesh,Delhi,883da11039fffff,893da110383ffff,SYNTHETIC_REFERENCE
ATM000904,22.619956,88.301549,West Bengal,Kolkata,883cf2d415fffff,893cf2d417bffff,SYNTHETIC_REFERENCE
ATM000905,13.035836,80.28945,Tamil Nadu,Chennai,88618c4abdfffff,89618c4abd7ffff,SYNTHETIC_REFERENCE
ATM000906,26.933482,75.825154,Rajasthan,Jaipur,883da20325fffff,893da20324bffff,SYNTHETIC_REFERENCE
ATM000907,26.930295,75.830075,Rajasthan,Jaipur,883da2189bfffff,893da2189a3ffff,SYNTHETIC_REFERENCE
ATM000908,17.385957,78.494783,Maharashtra,Hyderabad,8860a25b01fffff,8960a25b01bffff,SYNTHETIC_REFERENCE
ATM000909,12.972061,77.594106,Karnataka,Bangalore,8860145b49fffff,8960145b483ffff,SYNTHETIC_REFERENCE
ATM000910,17.369593,78.405864,Maharashtra,Hyderabad,8860a2581bfffff,8960a2581bbffff,SYNTHETIC_REFERENCE
ATM000911,22.563557,88.363038,West Bengal,Kolkata,883cf2c663fffff,893cf2c60cbffff,SYNTHETIC_REFERENCE
ATM000912,12.973001,77.594595,Karnataka,Bangalore,8860145b49fffff,8960145b48bffff,SYNTHETIC_REFERENCE
ATM000913,18.570242,73.947564,Maharashtra,Pune,88608e2495fffff,89608e24947ffff,SYNTHETIC_REFERENCE
ATM000914,13.084253,80.294168,Tamil Nadu,Chennai,88618c48e1fffff,89618c48ec7ffff,SYNTHETIC_REFERENCE
ATM000915,22.583693,88.373022,West Bengal,Kolkata,883cf2c655fffff,893cf2c6553ffff,SYNTHETIC_REFERENCE
ATM000916,13.032926,80.26376,Tamil Nadu,Chennai,88618c4f6dfffff,89618c4f6cfffff,SYNTHETIC_REFERENCE
ATM000917,12.972104,77.597653,Karnataka,Bangalore,8860145b49fffff,8960145b49bffff,SYNTHETIC_REFERENCE
ATM000918,26.839573,80.953796,Uttar Pradesh,Lucknow,883d8dcd0bfffff,893d8dcd0a3ffff,SYNTHETIC_REFERENCE
ATM000919,23.05046,72.725061,Rajasthan,Ahmedabad,8842c8d351fffff,8942c8d3503ffff,SYNTHETIC_REFERENCE
ATM000920,28.568627,77.162677,Uttar Pradesh,Delhi,883da11569fffff,893da115683ffff,SYNTHETIC_REFERENCE
ATM000921,26.894622,75.798398,Rajasthan,Jaipur,883da218a1fffff,893da218a13ffff,SYNTHETIC_REFERENCE
ATM000922,13.020856,80.253232,Tamil Nadu,Chennai,88618c4f6bfffff,89618c4f6b7ffff,SYNTHETIC_REFERENCE
ATM000923,26.909995,75.77975,Rajasthan,Jaipur,883da218e9fffff,893da218e8fffff,SYNTHETIC_REFERENCE
ATM000924,22.999152,72.570982,Gujarat,Ahmedabad,8842cea665fffff,8942cea665bffff,SYNTHETIC_REFERENCE
ATM000925,13.119956,80.229865,Tamil Nadu,Chennai,88618eb257fffff,89618eb256bffff,SYNTHETIC_REFERENCE
ATM000926,19.065214,72.875636,Maharashtra,Mumbai,88608b0b69fffff,89608b0b687ffff,SYNTHETIC_REFERENCE
ATM000927,12.966119,77.58928,Karnataka,Bangalore,88618925b5fffff,89618925b4fffff,SYNTHETIC_REFERENCE
ATM000928,22.568672,88.37168,West Bengal,Kolkata,883cf2c601fffff,893cf2c6013ffff,SYNTHETIC_REFERENCE
ATM000929,18.516307,73.846775,Maharashtra,Pune,88608850e9fffff,89608850e83ffff,SYNTHETIC_REFERENCE
ATM000930,12.866702,77.681285,Karnataka,Bangalore,8861892751fffff,8961892753bffff,SYNTHETIC_REFERENCE
ATM000931,28.629024,77.266976,Uttar Pradesh,Delhi,883da114ebfffff,893da114eb3ffff,SYNTHETIC_REFERENCE
ATM000932,26.911426,75.787358,Rajasthan,Jaipur,883da218ebfffff,893da218eafffff,SYNTHETIC_REFERENCE
ATM000933,26.847682,80.944222,Uttar Pradesh,Lucknow,883d8dcd5dfffff,893d8dcd5cbffff,SYNTHETIC_REFERENCE
ATM000934,22.529246,88.371732,West Bengal,Kolkata,883cf2c71bfffff,893cf2c71afffff,SYNTHETIC_REFERENCE
ATM000935,28.553582,77.137147,Uttar Pradesh,Delhi,883da110bdfffff,893da110bc7ffff,SYNTHETIC_REFERENCE
ATM000936,12.971988,77.594616,Karnataka,Bangalore,8860145b49fffff,8960145b483ffff,SYNTHETIC_REFERENCE
ATM000937,19.064555,72.806096,Maharashtra,Mumbai,88608b080dfffff,89608b080c3ffff,SYNTHETIC_REFERENCE
ATM000938,26.878881,80.887538,Uttar Pradesh,Lucknow,883d8dcf69fffff,893d8dcf697ffff,SYNTHETIC_REFERENCE
ATM000939,28.641496,77.161853,Uttar Pradesh,Delhi,883da11753fffff,893da11753bffff,SYNTHETIC_REFERENCE
ATM000940,22.530605,88.443183,West Bengal,Kolkata,883cf2c4cdfffff,893cf2c4cd7ffff,SYNTHETIC_REFERENCE
ATM000941,12.960427,77.597752,Karnataka,Bangalore,88618925a3fffff,89618925a37ffff,SYNTHETIC_REFERENCE
ATM000942,22.64374,88.265203,West Bengal,Kolkata,883cf2d44bfffff,893cf2d44a3ffff,SYNTHETIC_REFERENCE
ATM000943,18.516543,73.857783,Maharashtra,Pune,8860885017fffff,89608850173ffff,SYNTHETIC_REFERENCE
ATM000944,26.86746,75.829485,Rajasthan,Jaipur,883da20a0dfffff,893da20a0dbffff,SYNTHETIC_REFERENCE
ATM000945,12.983111,77.585909,Karnataka,Bangalore,8860145b47fffff,8960145b477ffff,SYNTHETIC_REFERENCE
ATM000946,19.248059,72.959478,Maharashtra,Mumbai,88608b4053fffff,89608b40533ffff,SYNTHETIC_REFERENCE
ATM000947,28.569128,77.251609,Uttar Pradesh,Delhi,883da11585fffff,893da11585bffff,SYNTHETIC_REFERENCE
ATM000948,26.849426,80.946447,Uttar Pradesh,Lucknow,883d8dcd5dfffff,893d8dcd5cfffff,SYNTHETIC_REFERENCE
ATM000949,26.91035,75.784509,Rajasthan,Jaipur,883da218ebfffff,893da218eabffff,SYNTHETIC_REFERENCE
ATM000950,22.510744,88.431025,West Bengal,Kolkata,883cf2c417fffff,893cf2c416bffff,SYNTHETIC_REFERENCE
ATM000951,18.335283,73.94353,Maharashtra,Pune,886088c1a9fffff,896088c1a83ffff,SYNTHETIC_REFERENCE
ATM000952,18.503785,73.850346,Maharashtra,Pune,88608850cdfffff,89608850cdbffff,SYNTHETIC_REFERENCE
ATM000953,28.620032,77.245156,Uttar Pradesh,Delhi,883da1143bfffff,893da1143b3ffff,SYNTHETIC_REFERENCE
ATM000954,26.845219,80.949058,Uttar Pradesh,Lucknow,883d8dcd55fffff,893d8dcd543ffff,SYNTHETIC_REFERENCE
ATM000955,13.06004,80.295236,Tamil Nadu,Chennai,88618c48cdfffff,89618c48cd3ffff,SYNTHETIC_REFERENCE
ATM000956,17.374085,78.420883,Maharashtra,Hyderabad,8860a25857fffff,8960a25856bffff,SYNTHETIC_REFERENCE
ATM000957,22.572884,88.363526,West Bengal,Kolkata,883cf2c647fffff,893cf2c646fffff,SYNTHETIC_REFERENCE
ATM000958,19.095642,72.978895,Maharashtra,Mumbai,88608b562dfffff,89608b562cfffff,SYNTHETIC_REFERENCE
ATM000959,28.613603,77.209046,Uttar Pradesh,Delhi,883da11463fffff,893da11462fffff,SYNTHETIC_REFERENCE
ATM000960,23.045349,72.502874,Rajasthan,Ahmedabad,8842ceb407fffff,8942ceb406fffff,SYNTHETIC_REFERENCE
ATM000961,19.070106,72.876042,Maharashtra,Mumbai,88608b0b61fffff,89608b0b68fffff,SYNTHETIC_REFERENCE
ATM000962,18.524077,73.81571,Maharashtra,Pune,8860885087fffff,8960885086fffff,SYNTHETIC_REFERENCE
ATM000963,12.988644,77.510094,Karnataka,Bangalore,886014580bfffff,896014580abffff,SYNTHETIC_REFERENCE
ATM000964,17.399288,78.443717,Maharashtra,Hyderabad,8860a25867fffff,8960a258667ffff,SYNTHETIC_REFERENCE
ATM000965,13.014351,77.646753,Karnataka,Bangalore,8861892eadfffff,8961892ead3ffff,SYNTHETIC_REFERENCE
ATM000966,17.325978,78.428574,Maharashtra,Hyderabad,8860a25a13fffff,8960a25a123ffff,SYNTHETIC_REFERENCE
ATM000967,23.027699,72.580271,Rajasthan,Ahmedabad,8842cea641fffff,8942cea640fffff,SYNTHETIC_REFERENCE
ATM000968,13.036101,77.539867,Karnataka,Bangalore,886014590bfffff,896014590b7ffff,SYNTHETIC_REFERENCE
ATM000969,22.637241,88.318755,West Bengal,Kolkata,883cf2d4cdfffff,893cf2d4cc7ffff,SYNTHETIC_REFERENCE
ATM000970,13.036111,80.236323,Tamil Nadu,Chennai,88618c4f2bfffff,89618c4f2b7ffff,SYNTHETIC_REFERENCE
ATM000971,18.549788,73.83072,Maharashtra,Pune,88608850a5fffff,896088519b3ffff,SYNTHETIC_REFERENCE
ATM000972,26.842882,80.941934,Uttar Pradesh,Lucknow,883d8dcd43fffff,893d8dcd42fffff,SYNTHETIC_REFERENCE
ATM000973,22.967156,72.581032,Gujarat,Ahmedabad,8842cea703fffff,8942cea7023ffff,SYNTHETIC_REFERENCE
ATM000974,12.970224,77.607767,Karnataka,Bangalore,88618925a5fffff,89618925a47ffff,SYNTHETIC_REFERENCE
ATM000975,19.066307,72.902189,Maharashtra,Mumbai,88608b5683fffff,89608b56837ffff,SYNTHETIC_REFERENCE
ATM000976,12.979244,77.62717,Karnataka,Bangalore,8861892ed7fffff,8961892ed7bffff,SYNTHETIC_REFERENCE
ATM000977,22.604911,88.341405,West Bengal,Kolkata,883cf2d4abfffff,893cf2d4abbffff,SYNTHETIC_REFERENCE
ATM000978,19.078736,72.885041,Maharashtra,Mumbai,88608b0b6dfffff,89608b0b6cbffff,SYNTHETIC_REFERENCE
ATM000979,13.074368,80.244811,Tamil Nadu,Chennai,88618c4897fffff,89618c48973ffff,SYNTHETIC_REFERENCE
ATM000980,22.598327,88.30741,West Bengal,Kolkata,883cf2d5d9fffff,893cf2d5d9bffff,SYNTHETIC_REFERENCE
ATM000981,17.390445,78.467918,Maharashtra,Hyderabad,8860a25b3bfffff,8960a25b3b7ffff,SYNTHETIC_REFERENCE
ATM000982,23.018121,72.557007,Rajasthan,Ahmedabad,8842ceb591fffff,8942ceb5903ffff,SYNTHETIC_REFERENCE
ATM000983,28.684247,77.176775,Uttar Pradesh,Delhi,883da11643fffff,893da11642fffff,SYNTHETIC_REFERENCE
ATM000984,19.06327,72.904638,Maharashtra,Mumbai,88608b568bfffff,89608b568afffff,SYNTHETIC_REFERENCE
ATM000985,23.042326,72.624951,Rajasthan,Ahmedabad,8842cc6927fffff,8942cc69273ffff,SYNTHETIC_REFERENCE
ATM000986,13.092522,80.319093,Unknown,Chennai,88618c483dfffff,89618c483c3ffff,SYNTHETIC_REFERENCE
ATM000987,18.515527,73.90816,Maharashtra,Pune,8860885313fffff,8960885312bffff,SYNTHETIC_REFERENCE
ATM000988,13.115192,80.193548,Tamil Nadu,Chennai,88618eb2c1fffff,89618eb2c07ffff,SYNTHETIC_REFERENCE
ATM000989,12.972848,77.581252,Karnataka,Bangalore,8860145b5dfffff,8960145b5dbffff,SYNTHETIC_REFERENCE
ATM000990,26.948654,75.812505,Rajasthan,Jaipur,883da20367fffff,893da20367bffff,SYNTHETIC_REFERENCE
ATM000991,23.005783,72.59134,Rajasthan,Ahmedabad,8842cea629fffff,8942cea6297ffff,SYNTHETIC_REFERENCE
ATM000992,18.533241,73.859768,Maharashtra,Pune,8860885031fffff,8960885033bffff,SYNTHETIC_REFERENCE
ATM000993,13.095749,77.621279,Karnataka,Bangalore,8861892d95fffff,8961892d953ffff,SYNTHETIC_REFERENCE
ATM000994,22.574822,88.411528,West Bengal,Kolkata,883cf2c613fffff,893cf2c6127ffff,SYNTHETIC_REFERENCE
ATM000995,17.448861,78.503725,Maharashtra,Hyderabad,8860b52cb1fffff,8960b52cb17ffff,SYNTHETIC_REFERENCE
ATM000996,18.985206,73.072469,Maharashtra,Mumbai,88608bce39fffff,89608bce393ffff,SYNTHETIC_REFERENCE
ATM000997,26.857787,80.936755,Uttar Pradesh,Lucknow,883d8dcf37fffff,893d8dcf37bffff,SYNTHETIC_REFERENCE
ATM000998,28.887721,76.985325,Rajasthan,Delhi,883da195a1fffff,893da195a13ffff,SYNTHETIC_REFERENCE
ATM000999,26.877555,80.88022,Uttar Pradesh,Lucknow,883d8dca97fffff,893d8dca967ffff,SYNTHETIC_REFERENCE
ATM001000,13.083289,80.317569,Unknown,Chennai,88618c4839fffff,89618c48393ffff,SYNTHETIC_REFERENCE
ATM001001,28.620809,77.212488,Uttar Pradesh,Delhi,883da1140dfffff,893da1140cbffff,SYNTHETIC_REFERENCE
ATM001002,22.594315,88.363839,West Bengal,Kolkata,883cf2d4b7fffff,893cf2c64b7ffff,SYNTHETIC_REFERENCE
ATM001003,26.911326,75.720784,Rajasthan,Jaipur,883da21847fffff,893da21846bffff,SYNTHETIC_REFERENCE
ATM001004,23.149892,72.40006,Rajasthan,Ahmedabad,8842cc4cc1fffff,8942cc4cc07ffff,SYNTHETIC_REFERENCE
ATM001005,26.912079,75.788657,Rajasthan,Jaipur,883da218ebfffff,893da218eafffff,SYNTHETIC_REFERENCE
ATM001006,18.51469,73.860495,Maharashtra,Pune,8860885011fffff,8960885010bffff,SYNTHETIC_REFERENCE
ATM001007,18.539876,73.859973,Maharashtra,Pune,8860885037fffff,89608850363ffff,SYNTHETIC_REFERENCE
ATM001008,26.918314,75.754101,Rajasthan,Jaipur,883da2181dfffff,893da2181c7ffff,SYNTHETIC_REFERENCE
ATM001009,12.947552,77.654272,Karnataka,Bangalore,8861892507fffff,89618925067ffff,SYNTHETIC_REFERENCE
ATM001010,13.083088,80.270796,Tamil Nadu,Chennai,88618c4885fffff,89618c48847ffff,SYNTHETIC_REFERENCE
ATM001011,12.977272,77.534172,Karnataka,Bangalore,8860145841fffff,89601458413ffff,SYNTHETIC_REFERENCE
ATM001012,26.84711,80.945405,Uttar Pradesh,Lucknow,883d8dcd55fffff,893d8dcd553ffff,SYNTHETIC_REFERENCE
ATM001013,26.865072,80.913769,Uttar Pradesh,Lucknow,883d8dcf2bfffff,893d8dcf2a3ffff,SYNTHETIC_REFERENCE
ATM001014,18.994874,72.841877,Maharashtra,Mumbai,88608b0a4bfffff,89608b0a4bbffff,SYNTHETIC_REFERENCE
ATM001015,23.049156,72.538532,Rajasthan,Ahmedabad,8842ceb4e1fffff,8942ceb4e0fffff,SYNTHETIC_REFERENCE
ATM001016,26.705772,80.858745,Uttar Pradesh,Lucknow,883d8c24dbfffff,893d8c24dbbffff,SYNTHETIC_REFERENCE
ATM001017,28.615848,77.159251,Uttar Pradesh,Delhi,883da11707fffff,893da117077ffff,SYNTHETIC_REFERENCE
ATM001018,22.565971,88.336246,West Bengal,Kolkata,883cf2d597fffff,893cf2d596bffff,SYNTHETIC_REFERENCE
ATM001019,26.85132,80.983265,Uttar Pradesh,Lucknow,883d8dcc27fffff,893d8dcc26fffff,SYNTHETIC_REFERENCE
ATM001020,19.289985,72.768279,Maharashtra,Mumbai,88608b7b51fffff,89608b7b51bffff,SYNTHETIC_REFERENCE
ATM001021,18.501608,73.88677,Maharashtra,Pune,8860885043fffff,89608850437ffff,SYNTHETIC_REFERENCE
ATM001022,13.036334,77.862555,Karnataka,Bangalore,8861892a45fffff,8961892a443ffff,SYNTHETIC_REFERENCE
ATM001023,26.884407,80.942002,Uttar Pradesh,Lucknow,883d8dcf11fffff,893d8dcf10fffff,SYNTHETIC_REFERENCE
ATM001024,26.862127,80.899359,Uttar Pradesh,Lucknow,883d8dcf67fffff,893d8dcf66fffff,SYNTHETIC_REFERENCE
ATM001025,26.845358,80.94578,Uttar Pradesh,Lucknow,883d8dcd55fffff,893d8dcd55bffff,SYNTHETIC_REFERENCE
ATM001026,13.024886,80.287429,Tamil Nadu,Chennai,88618c4a83fffff,89618c4a823ffff,SYNTHETIC_REFERENCE
ATM001027,26.904621,75.770099,Rajasthan,Jaipur,883da218edfffff,893da218ec3ffff,SYNTHETIC_REFERENCE
ATM001028,26.918144,75.784356,Rajasthan,Jaipur,883da218c7fffff,893da218c7bffff,SYNTHETIC_REFERENCE
ATM001029,17.31469,78.486834,Maharashtra,Hyderabad,8860b524a7fffff,8960b524a6fffff,SYNTHETIC_REFERENCE
ATM001030,26.899745,75.747156,Rajasthan,Jaipur,883da2183dfffff,893da2183d7ffff,SYNTHETIC_REFERENCE
ATM001031,19.073586,72.893941,Maharashtra,Mumbai,88608b56bbfffff,89608b56bb3ffff,SYNTHETIC_REFERENCE
ATM001032,22.540621,88.323749,West Bengal,Kolkata,883cf2c74bfffff,893cf2c74b3ffff,SYNTHETIC_REFERENCE
ATM001033,13.003408,77.66178,Karnataka,Bangalore,8861892eedfffff,8961892eecbffff,SYNTHETIC_REFERENCE
ATM001034,28.534763,77.235117,Uttar Pradesh,Delhi,883da1028bfffff,893da1028b7ffff,SYNTHETIC_REFERENCE
ATM001035,19.084718,72.862918,Maharashtra,Mumbai,88608b0b29fffff,89608b0b28bffff,SYNTHETIC_REFERENCE
ATM001036,18.587335,73.865584,Maharashtra,Pune,88608851adfffff,89608851ad3ffff,SYNTHETIC_REFERENCE
ATM001037,17.329412,78.438999,Maharashtra,Hyderabad,8860a25a11fffff,8960a25a10bffff,SYNTHETIC_REFERENCE
ATM001038,23.061359,72.503611,Rajasthan,Ahmedabad,8842ceb41dfffff,8942ceb40a7ffff,SYNTHETIC_REFERENCE
ATM001039,19.142897,72.860261,Maharashtra,Mumbai,88608b465dfffff,89608b465d3ffff,SYNTHETIC_REFERENCE
ATM001040,17.3543,78.489329,Maharashtra,Hyderabad,8860a25b59fffff,8960a25b597ffff,SYNTHETIC_REFERENCE
ATM001041,22.599064,88.404807,West Bengal,Kolkata,883cf28921fffff,893cf289217ffff,SYNTHETIC_REFERENCE
ATM001042,23.003713,72.693284,Rajasthan,Ahmedabad,8842cea4ddfffff,8942cea4dd7ffff,SYNTHETIC_REFERENCE
ATM001043,17.338374,78.45885,Maharashtra,Hyderabad,8860a25a07fffff,8960a25a073ffff,SYNTHETIC_REFERENCE
ATM001044,18.518531,73.858999,Maharashtra,Pune,8860885017fffff,8960885017bffff,SYNTHETIC_REFERENCE
ATM001045,26.931388,75.791395,Rajasthan,Jaipur,883da218c3fffff,893da218cafffff,SYNTHETIC_REFERENCE
ATM001046,18.55615,73.879406,Maharashtra,Pune,88608851cdfffff,89608851cdbffff,SYNTHETIC_REFERENCE
ATM001047,13.066172,77.504356,Karnataka,Bangalore,88601696dbfffff,89601696da7ffff,SYNTHETIC_REFERENCE
ATM001048,19.064471,72.85903,Maharashtra,Mumbai,88608b0b01fffff,89608b0b013ffff,SYNTHETIC_REFERENCE
ATM001049,26.96288,75.720613,Rajasthan,Jaipur,883da21a11fffff,893da21a103ffff,SYNTHETIC_REFERENCE
ATM001050,19.115514,72.998031,Maharashtra,Mumbai,88608b5709fffff,89608b57087ffff,SYNTHETIC_REFERENCE
ATM001051,26.898738,75.850676,Rajasthan,Jaipur,883da20a5bfffff,893da20a5a7ffff,SYNTHETIC_REFERENCE
ATM001052,22.574643,88.363969,West Bengal,Kolkata,883cf2c647fffff,893cf2c6467ffff,SYNTHETIC_REFERENCE
ATM001053,26.874985,80.923409,Uttar Pradesh,Lucknow,883d8dcf03fffff,893d8dcf02bffff,SYNTHETIC_REFERENCE
ATM001054,23.050703,72.565918,Rajasthan,Ahmedabad,8842ceb487fffff,8942ceb486bffff,SYNTHETIC_REFERENCE
ATM001055,26.84833,80.944876,Uttar Pradesh,Lucknow,883d8dcd5dfffff,893d8dcd5cbffff,SYNTHETIC_REFERENCE
ATM001056,17.382879,78.490743,Maharashtra,Hyderabad,8860a25b01fffff,8960a25b017ffff,SYNTHETIC_REFERENCE
ATM001057,23.098359,72.558212,Rajasthan,Ahmedabad,8842cc6b61fffff,8942cc6b61bffff,SYNTHETIC_REFERENCE
ATM001058,13.173004,80.147008,Tamil Nadu,Chennai,88618eb0d5fffff,89618eb0d4fffff,SYNTHETIC_REFERENCE
ATM001059,13.10559,80.283736,Tamil Nadu,Chennai,88618c49d3fffff,89618c49d27ffff,SYNTHETIC_REFERENCE
ATM001060,18.529591,73.86184,Maharashtra,Pune,8860885031fffff,89608850317ffff,SYNTHETIC_REFERENCE
ATM001061,26.914942,75.812301,Rajasthan,Jaipur,883da21883fffff,893da218823ffff,SYNTHETIC_REFERENCE
ATM001062,26.846555,80.951258,Uttar Pradesh,Lucknow,883d8dcd55fffff,893d8dcd547ffff,SYNTHETIC_REFERENCE
ATM001063,23.026546,72.577754,Rajasthan,Ahmedabad,8842cea641fffff,8942cea640bffff,SYNTHETIC_REFERENCE
ATM001064,13.158665,80.256732,Tamil Nadu,Chennai,88618eb353fffff,89618eb3537ffff,SYNTHETIC_REFERENCE
ATM001065,13.113588,80.263551,Tamil Nadu,Chennai,88618eb24dfffff,89618eb24d7ffff,SYNTHETIC_REFERENCE
ATM001066,23.010251,72.647893,Rajasthan,Ahmedabad,8842cea6e7fffff,8942cea6e67ffff,SYNTHETIC_REFERENCE
ATM001067,12.962177,77.613404,Karnataka,Bangalore,88618925adfffff,89618925ac7ffff,SYNTHETIC_REFERENCE
ATM001068,28.615141,77.220773,Uttar Pradesh,Delhi,883da11405fffff,893da11404fffff,SYNTHETIC_REFERENCE
ATM001069,17.383933,78.514526,Maharashtra,Hyderabad,8860a25b69fffff,8960a25b697ffff,SYNTHETIC_REFERENCE
ATM001070,12.970222,77.590474,Karnataka,Bangalore,8860145b49fffff,8960145b487ffff,SYNTHETIC_REFERENCE
ATM001071,12.996352,77.69263,Karnataka,Bangalore,8861892e01fffff,8961892e00bffff,SYNTHETIC_REFERENCE
ATM001072,12.987158,77.614562,Karnataka,Bangalore,8861892e91fffff,8961892e91bffff,SYNTHETIC_REFERENCE
ATM001073,19.085976,72.865976,Maharashtra,Mumbai,88608b0b2dfffff,89608b0b2d7ffff,SYNTHETIC_REFERENCE
ATM001074,19.127666,72.90929,Maharashtra,Mumbai,88608b54edfffff,89608b54ecfffff,SYNTHETIC_REFERENCE
ATM001075,26.837368,80.978583,Uttar Pradesh,Lucknow,883d8dcd13fffff,893d8dcd13bffff,SYNTHETIC_REFERENCE
ATM001076,13.085637,80.262299,Tamil Nadu,Chennai,88618c4887fffff,89618c4886fffff,SYNTHETIC_REFERENCE
ATM001077,17.348132,78.46554,Maharashtra,Hyderabad,8860a25a29fffff,8960a25a287ffff,SYNTHETIC_REFERENCE
ATM001078,18.547128,73.893446,Maharashtra,Pune,8860885153fffff,89608851527ffff,SYNTHETIC_REFERENCE
ATM001079,12.96607,77.634668,Karnataka,Bangalore,8861892ed9fffff,8961892ed9bffff,SYNTHETIC_REFERENCE
ATM001080,26.866224,80.959249,Uttar Pradesh,Lucknow,883d8dcc67fffff,893d8dcc67bffff,SYNTHETIC_REFERENCE
ATM001081,22.996037,72.650085,Gujarat,Ahmedabad,8842cea453fffff,8942cea4527ffff,SYNTHETIC_REFERENCE
ATM001082,19.121629,72.896063,Maharashtra,Mumbai,88608b54e3fffff,89608b54e37ffff,SYNTHETIC_REFERENCE
ATM001083,13.015776,80.288447,Tamil Nadu,Chennai,88618c4a8bfffff,89618c4a8a7ffff,SYNTHETIC_REFERENCE
ATM001084,26.876694,75.767049,Rajasthan,Jaipur,883da219c3fffff,893da219c27ffff,SYNTHETIC_REFERENCE
ATM001085,26.859046,80.868329,Uttar Pradesh,Lucknow,883d8dcab1fffff,893d8dcab0bffff,SYNTHETIC_REFERENCE
ATM001086,13.06674,80.309336,Unknown,Chennai,88618c4811fffff,89618c48113ffff,SYNTHETIC_REFERENCE
ATM001087,18.628417,73.677102,Maharashtra,Pune,8860884e59fffff,8960884e587ffff,SYNTHETIC_REFERENCE
ATM001088,28.640718,77.183667,Uttar Pradesh,Delhi,883da11627fffff,893da11627bffff,SYNTHETIC_REFERENCE
ATM001089,26.855157,80.972479,Uttar Pradesh,Lucknow,883d8dcc25fffff,893d8dcc257ffff,SYNTHETIC_REFERENCE
ATM001090,12.969867,77.552366,Karnataka,Bangalore,8860145a25fffff,8960145a243ffff,SYNTHETIC_REFERENCE
ATM001091,26.781911,80.954738,Uttar Pradesh,Lucknow,883d8d52e9fffff,893d8d52e83ffff,SYNTHETIC_REFERENCE
ATM001092,18.463154,73.92818,Maharashtra,Pune,8860885245fffff,89608852443ffff,SYNTHETIC_REFERENCE
ATM001093,18.505108,73.867415,Maharashtra,Pune,8860885019fffff,8960885019bffff,SYNTHETIC_REFERENCE
ATM001094,22.498743,88.387918,West Bengal,Kolkata,883cf2c467fffff,893cf2c466fffff,SYNTHETIC_REFERENCE
ATM001095,12.981202,77.603562,Karnataka,Bangalore,8861892e9bfffff,8961892e9afffff,SYNTHETIC_REFERENCE
ATM001096,28.627778,77.204057,Uttar Pradesh,Delhi,883da11447fffff,893da11447bffff,SYNTHETIC_REFERENCE
ATM001097,12.92477,77.572033,Karnataka,Bangalore,8860145a4dfffff,8960145a4d3ffff,SYNTHETIC_REFERENCE
ATM001098,28.536691,77.214749,Uttar Pradesh,Delhi,883da102c3fffff,893da102c3bffff,SYNTHETIC_REFERENCE
ATM001099,23.027568,72.609944,Rajasthan,Ahmedabad,8842cea61dfffff,8942cea61d7ffff,SYNTHETIC_REFERENCE
ATM001100,17.33993,78.535936,Maharashtra,Hyderabad,8860b525e3fffff,8960b525e33ffff,SYNTHETIC_REFERENCE
ATM001101,19.123992,72.940352,Maharashtra,Mumbai,88608b5401fffff,89608b5400bffff,SYNTHETIC_REFERENCE
ATM001102,26.851643,80.959081,Uttar Pradesh,Lucknow,883d8dcd53fffff,893d8dcd53bffff,SYNTHETIC_REFERENCE
ATM001103,26.913417,75.79498,Rajasthan,Jaipur,883da2188dfffff,893da2188c3ffff,SYNTHETIC_REFERENCE
ATM001104,26.852537,80.934954,Uttar Pradesh,Lucknow,883d8dcd4bfffff,893d8dcd4a3ffff,SYNTHETIC_REFERENCE
ATM001105,26.959941,80.884615,Uttar Pradesh,Lucknow,883d8dc0e5fffff,893d8dc0e43ffff,SYNTHETIC_REFERENCE
ATM001106,28.603587,77.203303,Uttar Pradesh,Delhi,883da1155bfffff,893da1155a7ffff,SYNTHETIC_REFERENCE
ATM001107,17.317515,78.558118,Maharashtra,Hyderabad,8860b52425fffff,8960b52424bffff,SYNTHETIC_REFERENCE
ATM001108,23.02025,72.574288,Rajasthan,Ahmedabad,8842cea645fffff,8942cea6443ffff,SYNTHETIC_REFERENCE
ATM001109,18.441503,73.826143,Maharashtra,Pune,886088cda1fffff,896088cda0bffff,SYNTHETIC_REFERENCE
ATM001110,28.618101,77.193262,Uttar Pradesh,Delhi,883da11469fffff,893da11468bffff,SYNTHETIC_REFERENCE
ATM001111,26.907825,75.778121,Rajasthan,Jaipur,883da218e1fffff,893da218e13ffff,SYNTHETIC_REFERENCE
ATM001112,12.996623,77.718807,Karnataka,Bangalore,8861892e69fffff,8961892e68bffff,SYNTHETIC_REFERENCE
ATM001113,12.972038,77.612775,Karnataka,Bangalore,88618925a5fffff,89618925a5bffff,SYNTHETIC_REFERENCE
ATM001114,22.683242,88.36449,West Bengal,Kolkata,883cf28b41fffff,893cf28b473ffff,SYNTHETIC_REFERENCE
ATM001115,22.587069,88.308436,West Bengal,Kolkata,883cf2d5d5fffff,893cf2d5d57ffff,SYNTHETIC_REFERENCE
ATM001116,22.573015,88.354373,West Bengal,Kolkata,883cf2c645fffff,893cf2c644fffff,SYNTHETIC_REFERENCE
ATM001117,19.038459,72.888646,Maharashtra,Mumbai,88608b19a1fffff,89608b19a13ffff,SYNTHETIC_REFERENCE
ATM001118,26.931889,75.801909,Rajasthan,Jaipur,883da218d5fffff,893da218d57ffff,SYNTHETIC_REFERENCE
ATM001119,12.974151,77.5928,Karnataka,Bangalore,8860145b49fffff,8960145b48fffff,SYNTHETIC_REFERENCE
ATM001120,28.609515,77.228167,Uttar Pradesh,Delhi,883da1143dfffff,893da1143dbffff,SYNTHETIC_REFERENCE
ATM001121,26.918392,75.88307,Rajasthan,Jaipur,883da20103fffff,893da20102fffff,SYNTHETIC_REFERENCE
ATM001122,26.82489,80.95204,Uttar Pradesh,Lucknow,883d8dcd07fffff,893d8dcd073ffff,SYNTHETIC_REFERENCE
ATM001123,26.9124,75.780252,Rajasthan,Jaipur,883da218ebfffff,893da218ebbffff,SYNTHETIC_REFERENCE
ATM001124,26.891867,75.78881,Rajasthan,Jaipur,883da218adfffff,893da218adbffff,SYNTHETIC_REFERENCE
ATM001125,18.354206,73.735079,Maharashtra,Pune,886088190bfffff,896088190bbffff,SYNTHETIC_REFERENCE
ATM001126,22.576333,88.334611,West Bengal,Kolkata,883cf2d591fffff,893cf2d5907ffff,SYNTHETIC_REFERENCE
ATM001127,19.083873,72.862279,Maharashtra,Mumbai,88608b0b29fffff,89608b0b28fffff,SYNTHETIC_REFERENCE
ATM001128,13.095103,80.272408,Tamil Nadu,Chennai,88618c48abfffff,89618c48a17ffff,SYNTHETIC_REFERENCE
ATM001129,17.361978,78.524797,Maharashtra,Hyderabad,8860b525a5fffff,8960b525a47ffff,SYNTHETIC_REFERENCE
ATM001130,12.863604,77.495773,Karnataka,Bangalore,886014502dfffff,896014502cbffff,SYNTHETIC_REFERENCE
ATM001131,22.991812,72.568899,Gujarat,Ahmedabad,8842cea759fffff,8942cea758bffff,SYNTHETIC_REFERENCE
ATM001132,13.084821,80.27061,Tamil Nadu,Chennai,88618c4885fffff,89618c48847ffff,SYNTHETIC_REFERENCE
ATM001133,19.026859,72.860685,Maharashtra,Mumbai,88608b19bbfffff,89608b19bafffff,SYNTHETIC_REFERENCE
ATM001134,12.977575,77.584881,Karnataka,Bangalore,8860145b43fffff,8960145b433ffff,SYNTHETIC_REFERENCE
ATM001135,18.546445,73.861412,Maharashtra,Pune,88608851cbfffff,89608851ca7ffff,SYNTHETIC_REFERENCE
ATM001136,19.076359,72.882822,Maharashtra,Mumbai,88608b0b6dfffff,89608b0b6c3ffff,SYNTHETIC_REFERENCE
ATM001137,26.911324,75.782293,Rajasthan,Jaipur,883da218ebfffff,893da218ebbffff,SYNTHETIC_REFERENCE
ATM001138,13.069178,80.258511,Tamil Nadu,Chennai,88618c489dfffff,89618c489dbffff,SYNTHETIC_REFERENCE
ATM001139,13.094904,80.293435,Tamil Nadu,Chennai,88618c48e5fffff,89618c48e4fffff,SYNTHETIC_REFERENCE
ATM001140,22.581521,88.336452,West Bengal,Kolkata,883cf2d59bfffff,893cf2d59abffff,SYNTHETIC_REFERENCE
ATM001141,26.912023,75.781597,Rajasthan,Jaipur,883da218ebfffff,893da218ebbffff,SYNTHETIC_REFERENCE
ATM001142,17.387309,78.470204,Maharashtra,Hyderabad,8860a25b15fffff,8960a25b14fffff,SYNTHETIC_REFERENCE
ATM001143,18.503493,73.821526,Maharashtra,Pune,88608850d5fffff,89608850d4fffff,SYNTHETIC_REFERENCE
ATM001144,22.596832,88.351685,West Bengal,Kolkata,883cf2d4a3fffff,893cf2d4a2fffff,SYNTHETIC_REFERENCE
ATM001145,12.97306,77.59448,Karnataka,Bangalore,8860145b49fffff,8960145b48bffff,SYNTHETIC_REFERENCE
ATM001146,26.924412,75.760452,Rajasthan,Jaipur,883da2181bfffff,893da2181bbffff,SYNTHETIC_REFERENCE
ATM001147,23.024895,72.558127,Rajasthan,Ahmedabad,8842ceb59bfffff,8942ceb59bbffff,SYNTHETIC_REFERENCE
ATM001148,18.519228,73.858197,Maharashtra,Pune,8860885017fffff,8960885017bffff,SYNTHETIC_REFERENCE
ATM001149,26.950452,75.776358,Rajasthan,Jaipur,883da21abdfffff,893da21abd7ffff,SYNTHETIC_REFERENCE
ATM001150,26.922125,75.781934,Rajasthan,Jaipur,883da218c5fffff,893da218c0bffff,SYNTHETIC_REFERENCE
ATM001151,22.984029,72.535309,Gujarat,Ahmedabad,8842ceb5a7fffff,8942ceb5a73ffff,SYNTHETIC_REFERENCE
ATM001152,26.884114,75.856204,Rajasthan,Jaipur,883da20a19fffff,893da20a19bffff,SYNTHETIC_REFERENCE
ATM001153,18.611786,73.823628,Maharashtra,Pune,8860884309fffff,8960884308fffff,SYNTHETIC_REFERENCE
ATM001154,18.518998,73.841642,Maharashtra,Pune,88608850ebfffff,89608850ebbffff,SYNTHETIC_REFERENCE
ATM001155,18.49069,74.01055,Maharashtra,Pune,886088c931fffff,896088c931bffff,SYNTHETIC_REFERENCE
ATM001156,23.079429,72.574967,Rajasthan,Ahmedabad,8842ceb499fffff,8942ceb4997ffff,SYNTHETIC_REFERENCE
ATM001157,28.594193,77.129006,Uttar Pradesh,Delhi,883da110dbfffff,893da110da3ffff,SYNTHETIC_REFERENCE
ATM001158,26.925405,75.786065,Rajasthan,Jaipur,883da218c1fffff,893da218c0fffff,SYNTHETIC_REFERENCE
ATM001159,26.910417,75.789798,Rajasthan,Jaipur,883da218e3fffff,893da218e37ffff,SYNTHETIC_REFERENCE
ATM001160,19.05056,72.888114,Maharashtra,Mumbai,88608b569bfffff,89608b569b7ffff,SYNTHETIC_REFERENCE
ATM001161,26.876205,75.847375,Rajasthan,Jaipur,883da20a0bfffff,893da20a0a3ffff,SYNTHETIC_REFERENCE
ATM001162,28.628135,77.202091,Uttar Pradesh,Delhi,883da11447fffff,893da11447bffff,SYNTHETIC_REFERENCE
ATM001163,17.274973,78.605961,Maharashtra,Hyderabad,8860b5270bfffff,8960b5270b3ffff,SYNTHETIC_REFERENCE
ATM001164,23.027029,72.572791,Rajasthan,Ahmedabad,8842cea64dfffff,8942cea641bffff,SYNTHETIC_REFERENCE
ATM001165,28.649269,77.27483,Uttar Pradesh,Delhi,883da114cbfffff,893da114ca3ffff,SYNTHETIC_REFERENCE
ATM001166,26.98445,75.899531,Rajasthan,Jaipur,883da20055fffff,893da20054fffff,SYNTHETIC_REFERENCE
ATM001167,26.888373,75.796218,Rajasthan,Jaipur,883da218a5fffff,893da218a57ffff,SYNTHETIC_REFERENCE
ATM001168,22.57372,88.401156,West Bengal,Kolkata,883cf2c611fffff,893cf2c610fffff,SYNTHETIC_REFERENCE
ATM001169,19.010318,72.765522,Maharashtra,Mumbai,88608b0a83fffff,89608b0a833ffff,SYNTHETIC_REFERENCE
ATM001170,12.973255,77.541011,Karnataka,Bangalore,8860145a27fffff,8960145a26fffff,SYNTHETIC_REFERENCE
ATM001171,18.582998,73.811456,Maharashtra,Pune,8860884267fffff,8960884266bffff,SYNTHETIC_REFERENCE
ATM001172,26.847091,80.944698,Uttar Pradesh,Lucknow,883d8dcd55fffff,893d8dcd553ffff,SYNTHETIC_REFERENCE
ATM001173,18.530717,73.857489,Maharashtra,Pune,8860885033fffff,89608850333ffff,SYNTHETIC_REFERENCE
ATM001174,12.955601,77.566137,Karnataka,Bangalore,8860145a65fffff,8960145a647ffff,SYNTHETIC_REFERENCE
ATM001175,18.440686,73.915861,Maharashtra,Pune,886088c8b7fffff,896088c8b63ffff,SYNTHETIC_REFERENCE
ATM001176,22.675441,88.278572,West Bengal,Kolkata,883cf2d617fffff,893cf2d6167ffff,SYNTHETIC_REFERENCE
ATM001177,23.002389,72.623768,Rajasthan,Ahmedabad,8842cea637fffff,8942cea6377ffff,SYNTHETIC_REFERENCE
ATM001178,28.611855,77.226867,Uttar Pradesh,Delhi,883da1142bfffff,893da1142a7ffff,SYNTHETIC_REFERENCE
ATM001179,23.030509,72.589735,Rajasthan,Ahmedabad,8842cea643fffff,8942cea6427ffff,SYNTHETIC_REFERENCE
ATM001180,22.486321,88.408202,West Bengal,Kolkata,883cf2c5c9fffff,893cf2c4267ffff,SYNTHETIC_REFERENCE
ATM001181,26.881801,80.983578,Uttar Pradesh,Lucknow,883d8dcc01fffff,893d8dcc007ffff,SYNTHETIC_REFERENCE
ATM001182,17.365058,78.482815,Maharashtra,Hyderabad,8860a25b51fffff,8960a25b50fffff,SYNTHETIC_REFERENCE
ATM001183,18.504,73.857762,Maharashtra,Pune,886088501bfffff,896088501bbffff,SYNTHETIC_REFERENCE
ATM001184,26.830172,80.933994,Uttar Pradesh,Lucknow,883d8dcd6bfffff,893d8dcd6a7ffff,SYNTHETIC_REFERENCE
ATM001185,28.618753,77.218078,Uttar Pradesh,Delhi,883da11405fffff,893da114057ffff,SYNTHETIC_REFERENCE
ATM001186,26.766958,80.919897,Uttar Pradesh,Lucknow,883d8d522bfffff,893d8d522a7ffff,SYNTHETIC_REFERENCE
ATM001187,18.486984,73.908964,Maharashtra,Pune,886088522bfffff,896088522abffff,SYNTHETIC_REFERENCE
ATM001188,18.945212,72.663937,Maharashtra,Mumbai,88608b0e11fffff,89608b0e117ffff,SYNTHETIC_REFERENCE
ATM001189,17.406599,78.439663,Maharashtra,Hyderabad,8860a2582dfffff,8960a2582c7ffff,SYNTHETIC_REFERENCE
ATM001190,22.966361,72.477912,Gujarat,Ahmedabad,8842cea213fffff,8942cea2137ffff,SYNTHETIC_REFERENCE
ATM001191,19.047305,72.9002,Maharashtra,Mumbai,88608b56d3fffff,89608b56d23ffff,SYNTHETIC_REFERENCE
ATM001192,22.667206,88.370941,West Bengal,Kolkata,883cf28b0dfffff,893cf28b0cbffff,SYNTHETIC_REFERENCE
ATM001193,17.38708,78.480429,Maharashtra,Hyderabad,8860a25b03fffff,8960a25b02fffff,SYNTHETIC_REFERENCE
ATM001194,18.495194,73.843284,Maharashtra,Pune,88608850c9fffff,89608850c83ffff,SYNTHETIC_REFERENCE
ATM001195,19.33602,73.132195,Maharashtra,Mumbai,88608b5861fffff,89608b58617ffff,SYNTHETIC_REFERENCE
ATM001196,26.91255,75.789736,Rajasthan,Jaipur,883da2188dfffff,893da2188dbffff,SYNTHETIC_REFERENCE
ATM001197,26.80707,80.916648,Uttar Pradesh,Lucknow,883d8d5259fffff,893d8d52583ffff,SYNTHETIC_REFERENCE
ATM001198,26.884829,80.955765,Uttar Pradesh,Lucknow,883d8dcc45fffff,893d8dcc44bffff,SYNTHETIC_REFERENCE
ATM001199,23.018205,72.569928,Rajasthan,Ahmedabad,8842cea669fffff,8942cea6697ffff,SYNTHETIC_REFERENCE
ATM001200,28.64339,77.272254,Uttar Pradesh,Delhi,883da114c1fffff,893da114c07ffff,SYNTHETIC_REFERENCE
ATM001201,22.987068,72.701225,Gujarat,Ahmedabad,8842cea48bfffff,8942cea48bbffff,SYNTHETIC_REFERENCE
ATM001202,19.230494,72.523348,Unknown,Mumbai,88608b60c3fffff,89608b60c23ffff,SYNTHETIC_REFERENCE
ATM001203,19.056921,73.209816,Maharashtra,Mumbai,88608bca35fffff,89608bca347ffff,SYNTHETIC_REFERENCE
ATM001204,17.36178,78.49822,Maharashtra,Hyderabad,8860a25b5dfffff,8960a25b5d3ffff,SYNTHETIC_REFERENCE
ATM001205,13.085777,80.270933,Tamil Nadu,Chennai,88618c4885fffff,89618c4884fffff,SYNTHETIC_REFERENCE
ATM001206,23.013199,72.543077,Rajasthan,Ahmedabad,8842ceb583fffff,8942ceb5837ffff,SYNTHETIC_REFERENCE
ATM001207,18.526284,73.901598,Maharashtra,Pune,8860885061fffff,89608850603ffff,SYNTHETIC_REFERENCE
ATM001208,13.082166,80.317684,Unknown,Chennai,88618c4839fffff,89618c48393ffff,SYNTHETIC_REFERENCE
ATM001209,12.906178,77.676481,Karnataka,Bangalore,8861892731fffff,89618927357ffff,SYNTHETIC_REFERENCE
ATM001210,26.857019,80.923405,Uttar Pradesh,Lucknow,883d8dcf23fffff,893d8dcf22fffff,SYNTHETIC_REFERENCE
ATM001211,13.068633,80.290083,Tamil Nadu,Chennai,88618c48c5fffff,89618c48c43ffff,SYNTHETIC_REFERENCE
ATM001212,13.090353,80.249325,Tamil Nadu,Chennai,88618c48b1fffff,89618c48b17ffff,SYNTHETIC_REFERENCE
ATM001213,28.615685,77.216298,Uttar Pradesh,Delhi,883da11405fffff,893da114043ffff,SYNTHETIC_REFERENCE
ATM001214,22.994089,72.577672,Gujarat,Ahmedabad,8842cea75bfffff,8942cea75a3ffff,SYNTHETIC_REFERENCE
ATM001215,18.526072,73.847036,Maharashtra,Pune,88608850e1fffff,89608850e1bffff,SYNTHETIC_REFERENCE
ATM001216,12.899443,77.663052,Karnataka,Bangalore,886189246dfffff,89618927337ffff,SYNTHETIC_REFERENCE
ATM001217,19.095463,72.836703,Maharashtra,Mumbai,88608b094bfffff,89608b094afffff,SYNTHETIC_REFERENCE
ATM001218,18.504301,73.861348,Maharashtra,Pune,8860885019fffff,8960885018fffff,SYNTHETIC_REFERENCE
ATM001219,18.525171,73.85454,Maharashtra,Pune,88608850edfffff,89608850edbffff,SYNTHETIC_REFERENCE
ATM001220,13.035076,77.565384,Karnataka,Bangalore,8860145945fffff,89601459457ffff,SYNTHETIC_REFERENCE
ATM001221,26.84583,80.946736,Uttar Pradesh,Lucknow,883d8dcd55fffff,893d8dcd553ffff,SYNTHETIC_REFERENCE
ATM001222,28.575247,77.215822,Uttar Pradesh,Delhi,883da11515fffff,893da115147ffff,SYNTHETIC_REFERENCE
ATM001223,13.11348,80.320153,Unknown,Chennai,88618c49c1fffff,89618c49c13ffff,SYNTHETIC_REFERENCE
ATM001224,26.876193,80.941003,Uttar Pradesh,Lucknow,883d8dcf17fffff,893d8dcf16bffff,SYNTHETIC_REFERENCE
ATM001225,13.082161,80.266172,Tamil Nadu,Chennai,88618c4887fffff,89618c48873ffff,SYNTHETIC_REFERENCE
ATM001226,18.515171,73.859898,Maharashtra,Pune,8860885015fffff,8960885010bffff,SYNTHETIC_REFERENCE
ATM001227,17.25822,78.373109,Maharashtra,Hyderabad,8860a251ddfffff,8960a251dc3ffff,SYNTHETIC_REFERENCE
ATM001228,12.969481,77.589824,Karnataka,Bangalore,8860145b4bfffff,8960145b4b3ffff,SYNTHETIC_REFERENCE
ATM001229,26.829429,80.972499,Uttar Pradesh,Lucknow,883d8dcd3bfffff,893d8dcd3b7ffff,SYNTHETIC_REFERENCE
ATM001230,13.00366,80.326708,Unknown,Chennai,88618c4127fffff,89618c4126bffff,SYNTHETIC_REFERENCE
ATM001231,26.92544,75.751972,Rajasthan,Jaipur,883da21819fffff,893da218193ffff,SYNTHETIC_REFERENCE
ATM001232,12.959637,77.606935,Karnataka,Bangalore,88618925a1fffff,89618925a17ffff,SYNTHETIC_REFERENCE
ATM001233,12.992654,77.610628,Karnataka,Bangalore,8861892e97fffff,8961892e973ffff,SYNTHETIC_REFERENCE
ATM001234,18.989497,72.933558,Maharashtra,Mumbai,88608b195bfffff,89608b195b3ffff,SYNTHETIC_REFERENCE
ATM001235,18.518219,73.854114,Maharashtra,Pune,8860885017fffff,89608850163ffff,SYNTHETIC_REFERENCE
ATM001236,17.375494,78.4947,Maharashtra,Hyderabad,8860a25b09fffff,8960a25b097ffff,SYNTHETIC_REFERENCE
ATM001237,26.946874,75.845981,Rajasthan,Jaipur,883da20335fffff,893da203353ffff,SYNTHETIC_REFERENCE
ATM001238,13.111274,80.277827,Tamil Nadu,Chennai,88618c48a5fffff,89618c48a4bffff,SYNTHETIC_REFERENCE
ATM001239,26.884356,81.021164,Uttar Pradesh,Lucknow,883d8dcce9fffff,893d8dcce87ffff,SYNTHETIC_REFERENCE
ATM001240,28.595552,77.201128,Uttar Pradesh,Delhi,883da11553fffff,893da115533ffff,SYNTHETIC_REFERENCE
ATM001241,26.86476,75.786192,Rajasthan,Jaipur,883da21983fffff,893da219827ffff,SYNTHETIC_REFERENCE
ATM001242,23.0338,72.567839,Rajasthan,Ahmedabad,8842cea649fffff,8942cea649bffff,SYNTHETIC_REFERENCE
ATM001243,23.115331,72.48387,Rajasthan,Ahmedabad,8842ceb61bfffff,8942ceb61b7ffff,SYNTHETIC_REFERENCE
ATM001244,26.94337,75.766616,Rajasthan,Jaipur,883da21aabfffff,893da21aaabffff,SYNTHETIC_REFERENCE
ATM001245,23.00711,72.552656,Rajasthan,Ahmedabad,8842ceb5b9fffff,8942ceb5b87ffff,SYNTHETIC_REFERENCE
ATM001246,18.520513,73.821109,Maharashtra,Pune,8860885087fffff,89608850873ffff,SYNTHETIC_REFERENCE
ATM001247,28.595562,77.166169,Uttar Pradesh,Delhi,883da11735fffff,893da115497ffff,SYNTHETIC_REFERENCE
ATM001248,19.057869,72.713733,Maharashtra,Mumbai,88608b0897fffff,89608b08967ffff,SYNTHETIC_REFERENCE
ATM001249,26.885947,81.004337,Uttar Pradesh,Lucknow,883d8dcc11fffff,893d8dcc10bffff,SYNTHETIC_REFERENCE
ATM001250,18.439026,73.834904,Maharashtra,Pune,886088cdadfffff,896088cdac3ffff,SYNTHETIC_REFERENCE
ATM001251,23.003561,72.580729,Rajasthan,Ahmedabad,8842cea667fffff,8942cea6677ffff,SYNTHETIC_REFERENCE
ATM001252,13.096422,80.261858,Tamil Nadu,Chennai,88618c48a3fffff,89618c48bcbffff,SYNTHETIC_REFERENCE
ATM001253,28.641639,77.162176,Uttar Pradesh,Delhi,883da11753fffff,893da11753bffff,SYNTHETIC_REFERENCE
ATM001254,28.586497,77.206218,Uttar Pradesh,Delhi,883da11519fffff,893da11519bffff,SYNTHETIC_REFERENCE
ATM001255,18.50416,73.848746,Maharashtra,Pune,88608850cdfffff,89608850cdbffff,SYNTHETIC_REFERENCE
ATM001256,13.099592,80.27429,Tamil Nadu,Chennai,88618c48a1fffff,89618c48a03ffff,SYNTHETIC_REFERENCE
ATM001257,13.201362,77.603439,Karnataka,Bangalore,8860169569fffff,89601695693ffff,SYNTHETIC_REFERENCE
ATM001258,13.109474,80.264058,Tamil Nadu,Chennai,88618eb249fffff,89618eb249bffff,SYNTHETIC_REFERENCE
ATM001259,19.070835,72.838037,Maharashtra,Mumbai,88608b0b3bfffff,89608b0b3b3ffff,SYNTHETIC_REFERENCE
ATM001260,22.531027,88.279955,West Bengal,Kolkata,883cf2c2d7fffff,893cf2c2d7bffff,SYNTHETIC_REFERENCE
ATM001261,13.000916,77.583685,Karnataka,Bangalore,8860145b63fffff,8960145b627ffff,SYNTHETIC_REFERENCE
ATM001262,23.025884,72.556242,Rajasthan,Ahmedabad,8842ceb59bfffff,8942ceb59bbffff,SYNTHETIC_REFERENCE
ATM001263,17.386561,78.486901,Maharashtra,Hyderabad,8860a25b01fffff,8960a25b03bffff,SYNTHETIC_REFERENCE
ATM001264,13.03679,80.233898,Tamil Nadu,Chennai,88618c4f2bfffff,89618c4f06bffff,SYNTHETIC_REFERENCE
ATM001265,19.071627,72.86672,Maharashtra,Mumbai,88608b0b63fffff,89608b0b637ffff,SYNTHETIC_REFERENCE
ATM001266,19.092634,72.870843,Maharashtra,Mumbai,88608b54d3fffff,89608b54d37ffff,SYNTHETIC_REFERENCE
ATM001267,17.374183,78.475981,Maharashtra,Hyderabad,8860a25b1dfffff,8960a25b1d7ffff,SYNTHETIC_REFERENCE
ATM001268,13.068007,80.310955,Unknown,Chennai,88618c4811fffff,89618c481c7ffff,SYNTHETIC_REFERENCE
ATM001269,18.513195,73.861112,Maharashtra,Pune,8860885011fffff,8960885010bffff,SYNTHETIC_REFERENCE
ATM001270,12.987456,77.623258,Karnataka,Bangalore,8861892e9dfffff,8961892e9dbffff,SYNTHETIC_REFERENCE
ATM001271,18.52469,73.748997,Maharashtra,Pune,8860885531fffff,89608855317ffff,SYNTHETIC_REFERENCE
ATM001272,26.927495,75.797149,Rajasthan,Jaipur,883da218c3fffff,893da218c27ffff,SYNTHETIC_REFERENCE
ATM001273,23.023607,72.571481,Rajasthan,Ahmedabad,8842cea645fffff,8942cea6453ffff,SYNTHETIC_REFERENCE
ATM001274,19.032358,72.803468,Maharashtra,Mumbai,88608b0a37fffff,89608b0a367ffff,SYNTHETIC_REFERENCE
ATM001275,13.09046,80.282591,Tamil Nadu,Chennai,88618c48e7fffff,89618c48e67ffff,SYNTHETIC_REFERENCE
ATM001276,28.747365,77.231799,Uttar Pradesh,Delhi,883da1b825fffff,893da1b9527ffff,SYNTHETIC_REFERENCE
ATM001277,12.980607,77.592583,Karnataka,Bangalore,8860145b41fffff,8960145b41bffff,SYNTHETIC_REFERENCE
ATM001278,26.855463,81.028124,Uttar Pradesh,Lucknow,883d8dcdd3fffff,893d8dcdd23ffff,SYNTHETIC_REFERENCE
ATM001279,28.650459,77.188318,Uttar Pradesh,Delhi,883da11623fffff,893da116223ffff,SYNTHETIC_REFERENCE
ATM001280,13.085057,80.270695,Tamil Nadu,Chennai,88618c4885fffff,89618c48847ffff,SYNTHETIC_REFERENCE
ATM001281,18.499961,73.846407,Maharashtra,Pune,88608850cdfffff,89608850cd7ffff,SYNTHETIC_REFERENCE
ATM001282,23.061678,72.578649,Rajasthan,Ahmedabad,8842ceb495fffff,8942ceb4943ffff,SYNTHETIC_REFERENCE
ATM001283,22.656236,88.370412,West Bengal,Kolkata,883cf28b29fffff,893cf28b283ffff,SYNTHETIC_REFERENCE
ATM001284,19.074718,72.881663,Maharashtra,Mumbai,88608b0b6dfffff,89608b0b6c7ffff,SYNTHETIC_REFERENCE
ATM001285,17.359198,78.470232,Maharashtra,Hyderabad,8860a25a2dfffff,8960a25a2cfffff,SYNTHETIC_REFERENCE
ATM001286,22.614776,88.356484,West Bengal,Kolkata,883cf2d4b9fffff,893cf2d4b93ffff,SYNTHETIC_REFERENCE
ATM001287,19.058467,72.994003,Maharashtra,Mumbai,88608b564dfffff,89608b564d3ffff,SYNTHETIC_REFERENCE
ATM001288,17.366086,78.632877,Maharashtra,Hyderabad,8860b52e49fffff,8960b52e483ffff,SYNTHETIC_REFERENCE
ATM001289,19.025386,72.931743,Maharashtra,Mumbai,88608b1939fffff,89608b19393ffff,SYNTHETIC_REFERENCE
ATM001290,19.123389,72.894492,Maharashtra,Mumbai,88608b54e3fffff,89608b54e37ffff,SYNTHETIC_REFERENCE
ATM001291,17.433532,78.397664,Maharashtra,Hyderabad,8860a25981fffff,8960a2598abffff,SYNTHETIC_REFERENCE
ATM001292,28.617082,77.230571,Uttar Pradesh,Delhi,883da11407fffff,893da114067ffff,SYNTHETIC_REFERENCE
ATM001293,22.631949,88.222148,West Bengal,Kolkata,883cf2d70bfffff,893cf2d70a7ffff,SYNTHETIC_REFERENCE
ATM001294,18.542179,73.872973,Maharashtra,Pune,8860885023fffff,8960885022fffff,SYNTHETIC_REFERENCE
ATM001295,26.873614,75.857293,Rajasthan,Jaipur,883da20a1dfffff,893da20a1cbffff,SYNTHETIC_REFERENCE
ATM001296,12.984291,77.601302,Karnataka,Bangalore,8861892e93fffff,8961892e927ffff,SYNTHETIC_REFERENCE
ATM001297,28.614061,77.20451,Uttar Pradesh,Delhi,883da11463fffff,893da11463bffff,SYNTHETIC_REFERENCE
ATM001298,28.570361,77.211333,Uttar Pradesh,Delhi,883da11515fffff,893da11514bffff,SYNTHETIC_REFERENCE
ATM001299,18.5086,73.877506,Maharashtra,Pune,886088500bfffff,896088500b3ffff,SYNTHETIC_REFERENCE
ATM001300,23.015235,72.569394,Rajasthan,Ahmedabad,8842cea669fffff,8942cea6683ffff,SYNTHETIC_REFERENCE
ATM001301,18.94374,72.80999,Maharashtra,Mumbai,88608b014bfffff,89608b014a3ffff,SYNTHETIC_REFERENCE
ATM001302,26.847383,80.940283,Uttar Pradesh,Lucknow,883d8dcd43fffff,893d8dcd437ffff,SYNTHETIC_REFERENCE
ATM001303,19.092592,72.901926,Maharashtra,Mumbai,88608b56b5fffff,89608b56b5bffff,SYNTHETIC_REFERENCE
ATM001304,22.554815,88.38748,West Bengal,Kolkata,883cf2c63dfffff,893cf2c63c7ffff,SYNTHETIC_REFERENCE
ATM001305,23.02188,72.568426,Rajasthan,Ahmedabad,8842ceb593fffff,8942ceb5927ffff,SYNTHETIC_REFERENCE
ATM001306,26.929452,75.791332,Rajasthan,Jaipur,883da218c3fffff,893da218c33ffff,SYNTHETIC_REFERENCE
ATM001307,23.019853,72.561082,Rajasthan,Ahmedabad,8842ceb593fffff,8942ceb593bffff,SYNTHETIC_REFERENCE
ATM001308,26.905188,75.777586,Rajasthan,Jaipur,883da218e1fffff,893da218e1bffff,SYNTHETIC_REFERENCE
ATM001309,17.48715,78.393922,Maharashtra,Hyderabad,8860a24b69fffff,8960a24b687ffff,SYNTHETIC_REFERENCE
ATM001310,26.909251,75.79707,Rajasthan,Jaipur,883da21885fffff,893da218853ffff,SYNTHETIC_REFERENCE
ATM001311,19.055024,72.891832,Maharashtra,Mumbai,88608b5699fffff,89608b569bbffff,SYNTHETIC_REFERENCE
ATM001312,26.882551,75.724735,Rajasthan,Jaipur,883da2182dfffff,893da2182cbffff,SYNTHETIC_REFERENCE
ATM001313,22.529443,88.274103,West Bengal,Kolkata,883cf2c2d5fffff,893cf2c2d4bffff,SYNTHETIC_REFERENCE
ATM001314,26.907127,75.79113,Rajasthan,Jaipur,883da218e3fffff,893da218e23ffff,SYNTHETIC_REFERENCE
ATM001315,13.081178,80.245335,Tamil Nadu,Chennai,88618c48bbfffff,89618c48bb7ffff,SYNTHETIC_REFERENCE
ATM001316,18.513271,73.843843,Maharashtra,Pune,88608850c5fffff,89608850c4bffff,SYNTHETIC_REFERENCE
ATM001317,22.784634,88.492315,West Bengal,Kolkata,883cf281cdfffff,893cf281c53ffff,SYNTHETIC_REFERENCE
ATM001318,23.134309,72.751883,Rajasthan,Ahmedabad,8842cc6d45fffff,8942cc6d44fffff,SYNTHETIC_REFERENCE
ATM001319,19.2164,72.856647,Maharashtra,Mumbai,88608b4717fffff,89608b4716fffff,SYNTHETIC_REFERENCE
ATM001320,19.034258,72.808957,Maharashtra,Mumbai,88608b0a37fffff,89608b0a373ffff,SYNTHETIC_REFERENCE
ATM001321,12.985639,77.578345,Karnataka,Bangalore,8860145b09fffff,8960145b083ffff,SYNTHETIC_REFERENCE
ATM001322,28.543173,77.225612,Uttar Pradesh,Delhi,883da102ddfffff,893da102dcfffff,SYNTHETIC_REFERENCE
ATM001323,26.895,75.7989,Rajasthan,Jaipur,883da218a1fffff,893da218a13ffff,SYNTHETIC_REFERENCE
ATM001324,12.947957,77.63869,Karnataka,Bangalore,886189253bfffff,896189253a7ffff,SYNTHETIC_REFERENCE
ATM001325,26.851777,80.939687,Uttar Pradesh,Lucknow,883d8dcd5dfffff,893d8dcd5dbffff,SYNTHETIC_REFERENCE
ATM001326,17.44911,78.457645,Maharashtra,Hyderabad,8860a25907fffff,8960a25906bffff,SYNTHETIC_REFERENCE
ATM001327,28.641019,77.146939,Uttar Pradesh,Delhi,883da1175dfffff,893da1175c3ffff,SYNTHETIC_REFERENCE
ATM001328,23.023135,72.570217,Rajasthan,Ahmedabad,8842cea645fffff,8942cea6453ffff,SYNTHETIC_REFERENCE
ATM001329,18.520766,73.855236,Maharashtra,Pune,8860885017fffff,8960885016bffff,SYNTHETIC_REFERENCE
ATM001330,13.269799,80.111172,Tamil Nadu,Chennai,88618ea049fffff,89618ea048fffff,SYNTHETIC_REFERENCE
ATM001331,22.569521,88.377258,West Bengal,Kolkata,883cf2c601fffff,893cf2c6007ffff,SYNTHETIC_REFERENCE
ATM001332,23.024263,72.556829,Rajasthan,Ahmedabad,8842ceb59bfffff,8942ceb59bbffff,SYNTHETIC_REFERENCE
ATM001333,12.976315,77.589013,Karnataka,Bangalore,8860145b41fffff,8960145b417ffff,SYNTHETIC_REFERENCE
ATM001334,26.944749,81.057881,Uttar Pradesh,Lucknow,883d8d1b45fffff,893d8d1b457ffff,SYNTHETIC_REFERENCE
ATM001335,26.81595,80.879913,Uttar Pradesh,Lucknow,883d8dc8abfffff,893d8dc8ab3ffff,SYNTHETIC_REFERENCE
ATM001336,18.497179,73.904731,Maharashtra,Pune,8860885227fffff,89608852267ffff,SYNTHETIC_REFERENCE
ATM001337,28.556594,77.165013,Uttar Pradesh,Delhi,883da11565fffff,893da115647ffff,SYNTHETIC_REFERENCE
ATM001338,18.504176,73.820019,Maharashtra,Pune,88608850d5fffff,89608850d4fffff,SYNTHETIC_REFERENCE
ATM001339,19.049831,72.89123,Maharashtra,Mumbai,88608b19a5fffff,89608b19a4bffff,SYNTHETIC_REFERENCE
ATM001340,19.078684,72.853782,Maharashtra,Mumbai,88608b0b2bfffff,89608b0b2a7ffff,SYNTHETIC_REFERENCE
ATM001341,12.966362,77.57873,Karnataka,Bangalore,88618925b7fffff,89618925b6fffff,SYNTHETIC_REFERENCE
ATM001342,13.030717,80.216101,Tamil Nadu,Chennai,88618c4f3bfffff,89618c4f3b3ffff,SYNTHETIC_REFERENCE
ATM001343,26.912434,75.789443,Rajasthan,Jaipur,883da2188dfffff,893da2188dbffff,SYNTHETIC_REFERENCE
ATM001344,23.05145,72.604325,Rajasthan,Ahmedabad,8842cc6967fffff,8942cc6967bffff,SYNTHETIC_REFERENCE
ATM001345,23.02421,72.569178,Rajasthan,Ahmedabad,8842cea64dfffff,8942cea64cbffff,SYNTHETIC_REFERENCE
ATM001346,13.080763,80.247011,Tamil Nadu,Chennai,88618c48bbfffff,89618c48bb7ffff,SYNTHETIC_REFERENCE
ATM001347,17.22815,78.509309,Maharashtra,Hyderabad,8860b52683fffff,8960b526837ffff,SYNTHETIC_REFERENCE
ATM001348,17.36653,78.521194,Maharashtra,Hyderabad,8860b525a7fffff,8960b525a6bffff,SYNTHETIC_REFERENCE
ATM001349,26.850047,80.947294,Uttar Pradesh,Lucknow,883d8dcd5dfffff,893d8dcd5cfffff,SYNTHETIC_REFERENCE
ATM001350,19.075863,72.880681,Maharashtra,Mumbai,88608b0b6dfffff,89608b0b6cfffff,SYNTHETIC_REFERENCE
ATM001351,26.898455,75.770541,Rajasthan,Jaipur,883da21833fffff,893da218327ffff,SYNTHETIC_REFERENCE
ATM001352,22.563124,88.360662,West Bengal,Kolkata,883cf2c663fffff,893cf2c6637ffff,SYNTHETIC_REFERENCE
ATM001353,13.066277,80.327827,Unknown,Chennai,88618c480bfffff,89618c480b3ffff,SYNTHETIC_REFERENCE
ATM001354,23.025269,72.570454,Rajasthan,Ahmedabad,8842cea64dfffff,8942cea64cfffff,SYNTHETIC_REFERENCE
ATM001355,13.118791,80.239751,Tamil Nadu,Chennai,88618eb255fffff,89618eb254bffff,SYNTHETIC_REFERENCE
ATM001356,26.889057,75.776073,Rajasthan,Jaipur,883da219d9fffff,893da219d8fffff,SYNTHETIC_REFERENCE
ATM001357,26.850067,80.948602,Uttar Pradesh,Lucknow,883d8dcd5dfffff,893d8dcd5cfffff,SYNTHETIC_REFERENCE
ATM001358,13.064894,80.256331,Tamil Nadu,Chennai,88618c48d7fffff,89618c48d6fffff,SYNTHETIC_REFERENCE
ATM001359,12.999125,77.578069,Karnataka,Bangalore,8860145b05fffff,8960145b057ffff,SYNTHETIC_REFERENCE
ATM001360,22.615009,88.421362,West Bengal,Kolkata,883cf28903fffff,893cf289393ffff,SYNTHETIC_REFERENCE
ATM001361,26.839794,80.975914,Uttar Pradesh,Lucknow,883d8dcd11fffff,893d8dcd107ffff,SYNTHETIC_REFERENCE
ATM001362,12.927555,77.459873,Karnataka,Bangalore,8860145a9bfffff,8960145a9a3ffff,SYNTHETIC_REFERENCE
ATM001363,18.533276,73.805429,Maharashtra,Pune,88608850b1fffff,89608850b0bffff,SYNTHETIC_REFERENCE
ATM001364,18.463935,73.732096,Maharashtra,Pune,8860885407fffff,89608854077ffff,SYNTHETIC_REFERENCE
ATM001365,23.022986,72.571052,Rajasthan,Ahmedabad,8842cea645fffff,8942cea6453ffff,SYNTHETIC_REFERENCE
ATM001366,28.61147,77.229758,Uttar Pradesh,Delhi,883da1143dfffff,893da1143d3ffff,SYNTHETIC_REFERENCE
ATM001367,22.999269,72.529316,Gujarat,Ahmedabad,8842ceb585fffff,8942ceb584bffff,SYNTHETIC_REFERENCE
ATM001368,26.84651,80.946635,Uttar Pradesh,Lucknow,883d8dcd55fffff,893d8dcd553ffff,SYNTHETIC_REFERENCE
ATM001369,28.61011,77.175965,Uttar Pradesh,Delhi,883da1173bfffff,893da117317ffff,SYNTHETIC_REFERENCE
ATM001370,12.947223,77.550973,Karnataka,Bangalore,8860145a05fffff,8960145a053ffff,SYNTHETIC_REFERENCE
ATM001371,26.844142,80.951861,Uttar Pradesh,Lucknow,883d8dcd55fffff,893d8dcd54fffff,SYNTHETIC_REFERENCE
ATM001372,28.724538,77.293903,Uttar Pradesh,Delhi,883da1b9b9fffff,893da1b9b93ffff,SYNTHETIC_REFERENCE
ATM001373,26.944853,75.76626,Rajasthan,Jaipur,883da21aabfffff,893da21aaa3ffff,SYNTHETIC_REFERENCE
ATM001374,13.105065,80.287217,Tamil Nadu,Chennai,88618c49d3fffff,89618c49d33ffff,SYNTHETIC_REFERENCE
ATM001375,12.960042,77.501811,Karnataka,Bangalore,8860145ae7fffff,8960145ae6bffff,SYNTHETIC_REFERENCE
ATM001376,26.912001,75.787001,Rajasthan,Jaipur,883da218ebfffff,893da218eafffff,SYNTHETIC_REFERENCE
ATM001377,13.077399,80.246286,Tamil Nadu,Chennai,88618c4897fffff,89618c4897bffff,SYNTHETIC_REFERENCE
ATM001378,22.57298,88.364757,West Bengal,Kolkata,883cf2c647fffff,893cf2c646fffff,SYNTHETIC_REFERENCE
ATM001379,17.274563,78.457055,Maharashtra,Hyderabad,8860b52493fffff,8960b524923ffff,SYNTHETIC_REFERENCE
ATM001380,22.616374,88.351191,West Bengal,Kolkata,883cf2d487fffff,893cf2d4877ffff,SYNTHETIC_REFERENCE
ATM001381,28.607373,77.208312,Uttar Pradesh,Delhi,883da11467fffff,893da11429bffff,SYNTHETIC_REFERENCE
ATM001382,17.357713,78.477933,Maharashtra,Hyderabad,8860a25b5bfffff,8960a25b5afffff,SYNTHETIC_REFERENCE
ATM001383,26.833172,80.934641,Uttar Pradesh,Lucknow,883d8dcd47fffff,893d8dcd46bffff,SYNTHETIC_REFERENCE
ATM001384,12.972364,77.600121,Karnataka,Bangalore,88618925a7fffff,89618925a6fffff,SYNTHETIC_REFERENCE
ATM001385,18.518189,73.86142,Maharashtra,Pune,8860885015fffff,89608850147ffff,SYNTHETIC_REFERENCE
ATM001386,17.500999,78.732756,Maharashtra,Hyderabad,8860b52807fffff,8960b52807bffff,SYNTHETIC_REFERENCE
ATM001387,22.99099,72.583744,Gujarat,Ahmedabad,8842cea753fffff,8942cea7537ffff,SYNTHETIC_REFERENCE
ATM001388,28.850124,76.935314,Rajasthan,Delhi,883da182e1fffff,893da182e17ffff,SYNTHETIC_REFERENCE
ATM001389,26.794796,80.913522,Uttar Pradesh,Lucknow,883d8d5255fffff,893d8d5255bffff,SYNTHETIC_REFERENCE
ATM001390,13.073858,80.287879,Tamil Nadu,Chennai,88618c48ebfffff,89618c48eb3ffff,SYNTHETIC_REFERENCE
ATM001391,12.917256,77.633375,Karnataka,Bangalore,8861892427fffff,89618924273ffff,SYNTHETIC_REFERENCE
ATM001392,19.061941,72.845223,Maharashtra,Mumbai,88608b0b1dfffff,89608b0b037ffff,SYNTHETIC_REFERENCE
ATM001393,28.664171,77.272374,Uttar Pradesh,Delhi,883da116b1fffff,893da116b03ffff,SYNTHETIC_REFERENCE
ATM001394,22.605231,88.400395,West Bengal,Kolkata,883cf28929fffff,893cf289283ffff,SYNTHETIC_REFERENCE
ATM001395,17.359862,78.41605,Maharashtra,Hyderabad,8860a25853fffff,8960a258537ffff,SYNTHETIC_REFERENCE
ATM001396,26.913617,75.70391,Rajasthan,Jaipur,883da21b13fffff,893da21b127ffff,SYNTHETIC_REFERENCE
ATM001397,13.012379,80.270019,Tamil Nadu,Chennai,88618c4a9bfffff,89618c4a9abffff,SYNTHETIC_REFERENCE
ATM001398,12.962938,77.585357,Karnataka,Bangalore,88618925b7fffff,89618925b7bffff,SYNTHETIC_REFERENCE
ATM001399,18.534844,73.859549,Maharashtra,Pune,8860885037fffff,89608850377ffff,SYNTHETIC_REFERENCE
ATM001400,22.982614,72.587413,Gujarat,Ahmedabad,8842cea719fffff,8942cea7183ffff,SYNTHETIC_REFERENCE
ATM001401,21.818307,74.620714,Madhya Pradesh,,88609a2587fffff,89609a2586bffff,SYNTHETIC_REFERENCE
ATM001402,29.775064,78.444979,Uttar Pradesh,,883d13549dfffff,893d13549cfffff,SYNTHETIC_REFERENCE
ATM001403,20.856001,77.120436,Maharashtra,,886091422dfffff,896091422d7ffff,SYNTHETIC_REFERENCE
ATM001404,29.73357,76.766345,Punjab,,883d166c37fffff,893d166c373ffff,SYNTHETIC_REFERENCE
ATM001405,17.180551,79.735056,Maharashtra,,88619b699bfffff,89619b699afffff,SYNTHETIC_REFERENCE
ATM001406,24.215432,77.014697,Rajasthan,,883d952b13fffff,893d952b137ffff,SYNTHETIC_REFERENCE
ATM001407,8.172758,78.2983,Tamil Nadu,,8861194035fffff,8961194034bffff,SYNTHETIC_REFERENCE
ATM001408,12.331934,80.032662,Tamil Nadu,,88618c16c5fffff,89618c16c5bffff,SYNTHETIC_REFERENCE
ATM001409,21.418894,79.402886,Maharashtra,,886096ca93fffff,896096ca927ffff,SYNTHETIC_REFERENCE
ATM001410,21.284425,74.253523,Maharashtra,,88609b1295fffff,89609b12957ffff,SYNTHETIC_REFERENCE
ATM001411,17.418779,74.998439,Maharashtra,,8860aa682bfffff,8960aa682abffff,SYNTHETIC_REFERENCE
ATM001412,10.173797,77.812615,Tamil Nadu,,8860354b3dfffff,8960354b3cbffff,SYNTHETIC_REFERENCE
ATM001413,11.095054,76.855507,Tamil Nadu,,886033bacbfffff,896033bacabffff,SYNTHETIC_REFERENCE
ATM001414,28.269602,78.273506,Uttar Pradesh,,883daeb025fffff,893daeb0243ffff,SYNTHETIC_REFERENCE
ATM001415,21.527419,71.371074,Gujarat,,8842dca213fffff,8942dca2123ffff,SYNTHETIC_REFERENCE
ATM001416,25.719355,80.507329,Madhya Pradesh,,883d8e34adfffff,893d8e34acfffff,SYNTHETIC_REFERENCE
ATM001417,19.73142,73.892918,Maharashtra,,88608a4e05fffff,89608a4e05bffff,SYNTHETIC_REFERENCE
ATM001418,26.938726,70.269529,Rajasthan,,8842538d4bfffff,8942538d4b7ffff,SYNTHETIC_REFERENCE
ATM001419,28.588682,77.04811,Delhi,,883da11059fffff,893da11059bffff,SYNTHETIC_REFERENCE
ATM001420,23.774699,79.08231,Uttar Pradesh,,883d989a29fffff,893d989a28bffff,SYNTHETIC_REFERENCE
ATM001421,18.193981,78.38671,Karnataka,,8860b10b5dfffff,8960b10b5cfffff,SYNTHETIC_REFERENCE
ATM001422,21.720704,68.471531,Gujarat,,8842f33b53fffff,8942f33b52bffff,SYNTHETIC_REFERENCE
ATM001423,28.191013,75.715875,Haryana,,883da08861fffff,893da08860bffff,SYNTHETIC_REFERENCE
ATM001424,26.597122,75.242552,Madhya Pradesh,,883db5205bfffff,893db5205a7ffff,SYNTHETIC_REFERENCE
ATM001425,12.299337,76.645598,Tamil Nadu,,886015d9d7fffff,896015d9d77ffff,SYNTHETIC_REFERENCE
ATM001426,28.890629,77.02897,Delhi,,883da18759fffff,893da187587ffff,SYNTHETIC_REFERENCE
ATM001427,16.949118,75.575919,Karnataka,,8860aac113fffff,8960aac1133ffff,SYNTHETIC_REFERENCE
ATM001428,22.987277,69.409701,Gujarat,,8842c47059fffff,8942c470593ffff,SYNTHETIC_REFERENCE
ATM001429,24.051351,77.754964,Rajasthan,,883d91a02dfffff,893d91a02cbffff,SYNTHETIC_REFERENCE
ATM001430,29.831766,83.744764,Uttar Pradesh,,883c22c0a1fffff,893c22c0a0fffff,SYNTHETIC_REFERENCE
ATM001431,28.712717,77.284961,Delhi,,883da1b9abfffff,893da1b9aafffff,SYNTHETIC_REFERENCE
ATM001432,8.479703,77.572635,Tamil Nadu,,886026c46bfffff,896026c46b7ffff,SYNTHETIC_REFERENCE
ATM001433,13.764552,76.923968,Karnataka,,8860162f41fffff,8960162f40fffff,SYNTHETIC_REFERENCE
ATM001434,28.774661,74.960371,Haryana,,883da4173dfffff,893da4173c7ffff,SYNTHETIC_REFERENCE
ATM001435,19.417389,79.359387,Maharashtra,,8860b23309fffff,8960b23308fffff,SYNTHETIC_REFERENCE
ATM001436,14.236652,74.608436,Karnataka,,8860adb2b1fffff,8960adb2b0fffff,SYNTHETIC_REFERENCE
ATM001437,16.858804,74.571111,Maharashtra,,8860aa2599fffff,8960aa25997ffff,SYNTHETIC_REFERENCE
ATM001438,23.209416,88.506901,West Bengal,,883cf6259bfffff,893cf6259b7ffff,SYNTHETIC_REFERENCE
ATM001439,28.700473,77.217648,Delhi,,883da1b923fffff,893da1b923bffff,SYNTHETIC_REFERENCE
ATM001440,14.101264,77.790389,Karnataka,,8860165b39fffff,8960165b39bffff,SYNTHETIC_REFERENCE
ATM001441,28.502044,77.081424,Delhi,,883da111a9fffff,893da111a93ffff,SYNTHETIC_REFERENCE
ATM001442,19.083849,77.93865,Telangana,,8860b32439fffff,8960b324393ffff,SYNTHETIC_REFERENCE
ATM001443,22.12622,89.446367,West Bengal,,883cd48769fffff,893cd487693ffff,SYNTHETIC_REFERENCE
ATM001444,25.469094,75.518057,Rajasthan,,883db14a01fffff,893db14a003ffff,SYNTHETIC_REFERENCE
ATM001445,15.903929,80.029192,Telangana,,88619958dbfffff,89619958db3ffff,SYNTHETIC_REFERENCE
ATM001446,9.654066,74.944926,Kerala,,886005c437fffff,896005c4373ffff,SYNTHETIC_REFERENCE
ATM001447,27.707708,78.830109,Uttar Pradesh,,883daa92d5fffff,893daa92d57ffff,SYNTHETIC_REFERENCE
ATM001448,18.075566,73.268821,Maharashtra,,88608832c1fffff,89608832c0bffff,SYNTHETIC_REFERENCE
ATM001449,8.909398,77.421707,Tamil Nadu,,8860264097fffff,8960264096fffff,SYNTHETIC_REFERENCE
ATM001450,29.769279,76.632479,Punjab,,883d1661a1fffff,893d1661a0fffff,SYNTHETIC_REFERENCE
ATM001451,15.824793,79.183827,Telangana,,8860a69181fffff,8960a691813ffff,SYNTHETIC_REFERENCE
ATM001452,16.388784,75.153736,Maharashtra,,8860a849b9fffff,8960a849b93ffff,SYNTHETIC_REFERENCE
ATM001453,17.989811,74.743795,Karnataka,,88608c5b1bfffff,89608c5b133ffff,SYNTHETIC_REFERENCE
ATM001454,29.953993,71.310991,Rajasthan,,8842402cddfffff,8942402cdcbffff,SYNTHETIC_REFERENCE
ATM001455,28.616806,81.154747,Uttar Pradesh,,883da92c6bfffff,893da92c6b3ffff,SYNTHETIC_REFERENCE
ATM001456,24.168602,71.690158,Gujarat,,8842ea3acbfffff,8942ea3acafffff,SYNTHETIC_REFERENCE
ATM001457,20.365884,82.592294,Odisha,,883c865189fffff,893c8651c2fffff,SYNTHETIC_REFERENCE
ATM001458,24.196851,77.565105,Rajasthan,,883d91b26dfffff,893d91b26d3ffff,SYNTHETIC_REFERENCE
ATM001459,13.862084,75.711578,Karnataka,,886013124dfffff,89601312453ffff,SYNTHETIC_REFERENCE
ATM001460,18.915277,78.589176,Telangana,,8860b38c37fffff,8960b38c36fffff,SYNTHETIC_REFERENCE
ATM001461,21.6932,78.7248,Maharashtra,,8860966e41fffff,8960966e413ffff,SYNTHETIC_REFERENCE
ATM001462,26.211774,87.616386,Bihar,,883c1814abfffff,893c1814aa3ffff,SYNTHETIC_REFERENCE
ATM001463,16.003384,78.253957,Telangana,,8860a0caa7fffff,8960a0caa73ffff,SYNTHETIC_REFERENCE
ATM001464,17.706649,78.130612,Telangana,,8860b1a33dfffff,8960b1a33dbffff,SYNTHETIC_REFERENCE
ATM001465,23.521964,73.991011,Gujarat,,8842c9d55bfffff,8942c9d55afffff,SYNTHETIC_REFERENCE
ATM001466,17.537457,78.602744,Telangana,,8860b192c5fffff,8960b192c4fffff,SYNTHETIC_REFERENCE
ATM001467,24.523133,71.00257,Gujarat,,8842ea90cbfffff,8942ea90cb3ffff,SYNTHETIC_REFERENCE
ATM001468,18.72991,75.518694,Maharashtra,,886083b819fffff,896083b818bffff,SYNTHETIC_REFERENCE
ATM001469,26.375381,79.006808,Madhya Pradesh,,883d811601fffff,893d8116007ffff,SYNTHETIC_REFERENCE
ATM001470,11.706003,76.910697,Kerala,,88603309b3fffff,89603309b2fffff,SYNTHETIC_REFERENCE
ATM001471,21.672506,70.932274,Gujarat,,8842c3595dfffff,8942c3595c7ffff,SYNTHETIC_REFERENCE
ATM001472,12.10297,75.744464,Kerala,,8860153545fffff,89601535447ffff,SYNTHETIC_REFERENCE
ATM001473,28.978152,84.151542,Uttar Pradesh,,883c31a99dfffff,893c31a99d3ffff,SYNTHETIC_REFERENCE
ATM001474,27.487115,76.02632,Rajasthan,,883da2b745fffff,893da2b7453ffff,SYNTHETIC_REFERENCE
ATM001475,23.803448,73.52375,Gujarat,,8842cd7351fffff,8942cd73513ffff,SYNTHETIC_REFERENCE
ATM001476,10.272793,76.41018,Tamil Nadu,,8860313019fffff,89603130183ffff,SYNTHETIC_REFERENCE
ATM001477,17.447693,79.962401,Telangana,,8860b4aa91fffff,8960b4aa913ffff,SYNTHETIC_REFERENCE
ATM001478,14.707418,77.44523,Karnataka,,8860a50457fffff,8960a5041d3ffff,SYNTHETIC_REFERENCE
ATM001479,17.884688,77.868376,Maharashtra,,8860b13713fffff,8960b137123ffff,SYNTHETIC_REFERENCE
ATM001480,16.564321,80.272415,Telangana,,88619bc717fffff,89619bc7177ffff,SYNTHETIC_REFERENCE
ATM001481,27.265302,78.550889,Uttar Pradesh,,883daad06dfffff,893daad0653ffff,SYNTHETIC_REFERENCE
ATM001482,28.545956,77.249165,Delhi,,883da115a5fffff,893da115a5bffff,SYNTHETIC_REFERENCE
ATM001483,26.829949,78.641839,Uttar Pradesh,,883d852505fffff,893d852504fffff,SYNTHETIC_REFERENCE
ATM001484,21.790536,78.535538,Maharashtra,,886092d6c1fffff,896092d6c07ffff,SYNTHETIC_REFERENCE
ATM001485,13.364242,77.951131,Tamil Nadu,,88618961b9fffff,89618961b97ffff,SYNTHETIC_REFERENCE
ATM001486,22.285462,73.857118,Gujarat,,8842cbc849fffff,8942cbc8493ffff,SYNTHETIC_REFERENCE
ATM001487,25.980158,86.765667,Bihar,,883c1eac89fffff,893c1eac88bffff,SYNTHETIC_REFERENCE
ATM001488,9.486951,78.031579,Tamil Nadu,,886035d2e7fffff,896035d2e6bffff,SYNTHETIC_REFERENCE
ATM001489,12.451804,74.947508,Karnataka,,886011a6d3fffff,896011a6d3bffff,SYNTHETIC_REFERENCE
ATM001490,21.105472,74.345532,Madhya Pradesh,,88609b80e1fffff,89609b80e0fffff,SYNTHETIC_REFERENCE
ATM001491,13.475061,77.19365,Tamil Nadu,,886016a807fffff,896016a806bffff,SYNTHETIC_REFERENCE
ATM001492,19.845189,79.564528,Maharashtra,,8860b27163fffff,8960b271637ffff,SYNTHETIC_REFERENCE
ATM001493,11.128633,76.827892,Tamil Nadu,,886033bab1fffff,896033bab13ffff,SYNTHETIC_REFERENCE
ATM001494,30.002784,76.360779,Haryana,,883d1608a1fffff,893d1608a03ffff,SYNTHETIC_REFERENCE
ATM001495,18.798127,80.355961,Telangana,,8860b60727fffff,8960b60726fffff,SYNTHETIC_REFERENCE
ATM001496,18.330332,76.638391,Karnataka,,886080c4e1fffff,896080c4e3bffff,SYNTHETIC_REFERENCE
ATM001497,17.786503,77.982256,Maharashtra,,8860b1ac69fffff,8960b1af12fffff,SYNTHETIC_REFERENCE
ATM001498,23.972241,83.82022,Uttar Pradesh,,883ca10705fffff,893ca107057ffff,SYNTHETIC_REFERENCE
ATM001499,16.289462,78.544156,Telangana,,8860a6389dfffff,8960a638953ffff,SYNTHETIC_REFERENCE
ATM001500,23.852429,71.963068,Gujarat,,8842cc9ac5fffff,8942cc9ac4fffff,SYNTHETIC_REFERENCE
ATM001501,18.119267,76.529516,Maharashtra,,8860808c6dfffff,8960808c6d7ffff,SYNTHETIC_REFERENCE
ATM001502,12.130918,75.684011,Kerala,,88601535adfffff,89601535ad3ffff,SYNTHETIC_REFERENCE
ATM001503,26.457003,86.343724,West Bengal,,883c1c4235fffff,893c1c42353ffff,SYNTHETIC_REFERENCE
ATM001504,12.372391,79.674945,Tamil Nadu,,88618c3751fffff,89618c3751bffff,SYNTHETIC_REFERENCE
ATM001505,22.154542,77.787049,Madhya Pradesh,,8860922951fffff,89609229507ffff,SYNTHETIC_REFERENCE
ATM001506,16.659199,78.464814,Maharashtra,,8860a29b03fffff,8960a29b02fffff,SYNTHETIC_REFERENCE
ATM001507,26.854504,75.090845,Rajasthan,,883db5ae11fffff,893db5ae10fffff,SYNTHETIC_REFERENCE
ATM001508,21.00384,69.533999,Gujarat,,8842d575e3fffff,8942d575e2bffff,SYNTHETIC_REFERENCE
ATM001509,21.340684,76.834194,Madhya Pradesh,,886093af67fffff,896093af673ffff,SYNTHETIC_REFERENCE
ATM001510,24.690545,89.345946,West Bengal,,883cf502d3fffff,893cf502d2bffff,SYNTHETIC_REFERENCE
ATM001511,16.201799,76.002823,Karnataka,,8860ae0069fffff,8960ae0069bffff,SYNTHETIC_REFERENCE
ATM001512,12.584353,76.670038,Kerala,,88601420bbfffff,89601420bb3ffff,SYNTHETIC_REFERENCE
ATM001513,21.553057,76.97898,Maharashtra,,8860930731fffff,8960930730fffff,SYNTHETIC_REFERENCE
ATM001514,25.128494,83.558851,Bihar,,883c12d461fffff,893c12d460fffff,SYNTHETIC_REFERENCE
ATM001515,31.678255,74.263909,Punjab,,88424db9b7fffff,89424db9b63ffff,SYNTHETIC_REFERENCE
ATM001516,25.589148,81.046779,Uttar Pradesh,,883d8845a5fffff,893d8845a5bffff,SYNTHETIC_REFERENCE
ATM001517,28.682208,77.16035,Delhi,,883da11641fffff,893da11641bffff,SYNTHETIC_REFERENCE
ATM001518,16.664034,75.75182,Maharashtra,,8860ae6abbfffff,8960ae6aba7ffff,SYNTHETIC_REFERENCE
ATM001519,18.330496,81.176257,Telangana,,883c968d5dfffff,893c968d5d7ffff,SYNTHETIC_REFERENCE
ATM001520,28.238944,77.618913,Rajasthan,,883da16631fffff,893da166307ffff,SYNTHETIC_REFERENCE
ATM001521,12.292166,78.62604,Tamil Nadu,,88618d2a13fffff,89618d2a137ffff,SYNTHETIC_REFERENCE
ATM001522,9.083307,76.533383,Kerala,,8860228d97fffff,8960228d973ffff,SYNTHETIC_REFERENCE
ATM001523,28.71169,77.161482,Delhi,,883da18cb9fffff,893da18cb83ffff,SYNTHETIC_REFERENCE
ATM001524,26.526458,74.152178,Rajasthan,,883db5d11bfffff,893db5d11a3ffff,SYNTHETIC_REFERENCE
ATM001525,23.039767,78.569952,Madhya Pradesh,,883d9e05a5fffff,893d9e05a43ffff,SYNTHETIC_REFERENCE
ATM001526,9.108757,76.893453,Kerala,,886022d449fffff,896022d448bffff,SYNTHETIC_REFERENCE
ATM001527,16.788973,73.30522,Maharashtra,,88608db105fffff,89608db104fffff,SYNTHETIC_REFERENCE
ATM001528,19.893981,85.415675,Odisha,,883c9d9843fffff,893c9d98423ffff,SYNTHETIC_REFERENCE
ATM001529,18.401388,74.897059,Maharashtra,,88608e99c3fffff,89608e99c2bffff,SYNTHETIC_REFERENCE
ATM001530,24.337393,77.053621,Madhya Pradesh,,883d952067fffff,893d952066fffff,SYNTHETIC_REFERENCE
ATM001531,18.036787,78.244168,Karnataka,,8860b100cbfffff,8960b100cabffff,SYNTHETIC_REFERENCE
ATM001532,18.81518,75.321437,Maharashtra,,886083ad49fffff,896083ad48bffff,SYNTHETIC_REFERENCE
ATM001533,18.822243,77.350523,Telangana,,8860860e33fffff,8960860e33bffff,SYNTHETIC_REFERENCE
ATM001534,22.283937,70.318837,Gujarat,,8842c04e93fffff,8942c04e937ffff,SYNTHETIC_REFERENCE
ATM001535,19.574197,77.249212,Telangana,,886082d963fffff,896082d9637ffff,SYNTHETIC_REFERENCE
ATM001536,19.138015,78.747508,Maharashtra,,8860b3c59bfffff,8960b3c59bbffff,SYNTHETIC_REFERENCE
ATM001537,22.331083,68.738039,Gujarat,,8842f16ca1fffff,8942f16ca8fffff,SYNTHETIC_REFERENCE
ATM001538,30.809123,76.105832,Haryana,,883d145833fffff,893d145832fffff,SYNTHETIC_REFERENCE
ATM001539,18.318164,78.1701,Telangana,,8860b170e1fffff,8960b170e13ffff,SYNTHETIC_REFERENCE
ATM001540,26.836137,80.261536,Uttar Pradesh,,883d8cb9b9fffff,893d8cb9b93ffff,SYNTHETIC_REFERENCE
ATM001541,16.107073,77.635257,Telangana,,8860a07543fffff,8960a075437ffff,SYNTHETIC_REFERENCE
ATM001542,20.959824,74.590506,Maharashtra,,8860982981fffff,89609829813ffff,SYNTHETIC_REFERENCE
ATM001543,22.230758,78.443221,Madhya Pradesh,,88609250ddfffff,89609250dd7ffff,SYNTHETIC_REFERENCE
ATM001544,25.558733,74.545129,Madhya Pradesh,,883db010e5fffff,893db010e53ffff,SYNTHETIC_REFERENCE
ATM001545,11.272444,76.688763,Tamil Nadu,,886033a883fffff,896033a8827ffff,SYNTHETIC_REFERENCE
ATM001546,11.851581,74.242622,Karnataka,,8860034569fffff,89600345693ffff,SYNTHETIC_REFERENCE
ATM001547,26.254735,86.460093,West Bengal,,883c1c4d23fffff,893c1c4d22fffff,SYNTHETIC_REFERENCE
ATM001548,8.348333,77.99539,Tamil Nadu,,88611bb49bfffff,89611bb49b7ffff,SYNTHETIC_REFERENCE
ATM001549,25.995162,76.309194,Madhya Pradesh,,883db120d3fffff,893db120d3bffff,SYNTHETIC_REFERENCE
ATM001550,22.039878,68.451512,Gujarat,,8842f3a19bfffff,8942f3a19a3ffff,SYNTHETIC_REFERENCE
ATM001551,24.059748,88.252691,West Bengal,,883cf472b3fffff,893cf472b3bffff,SYNTHETIC_REFERENCE
ATM001552,22.726172,70.294288,Gujarat,,8842c01533fffff,8942c01532bffff,SYNTHETIC_REFERENCE
ATM001553,17.093686,77.637157,Telangana,,8860a228cdfffff,8960a228cd7ffff,SYNTHETIC_REFERENCE
ATM001554,9.887272,75.058686,Kerala,,886005520dfffff,896005520d7ffff,SYNTHETIC_REFERENCE
ATM001555,12.316278,80.161725,Tamil Nadu,,88618c8d1bfffff,89618c8d1b7ffff,SYNTHETIC_REFERENCE
ATM001556,24.562343,73.649948,Gujarat,,8842cdb6e9fffff,8942cdb6e93ffff,SYNTHETIC_REFERENCE
ATM001557,27.645466,82.326579,Uttar Pradesh,,883c328f19fffff,893c328f197ffff,SYNTHETIC_REFERENCE
ATM001558,21.411947,72.173854,Gujarat,,8842dd0b21fffff,8942dd0b207ffff,SYNTHETIC_REFERENCE
ATM001559,10.606073,78.176271,Tamil Nadu,,886030d54dfffff,896030d54d7ffff,SYNTHETIC_REFERENCE
ATM001560,28.728658,79.14258,Uttar Pradesh,,883da89425fffff,893da894247ffff,SYNTHETIC_REFERENCE
ATM001561,17.635454,80.274527,Maharashtra,,8860b410a9fffff,8960b410a8bffff,SYNTHETIC_REFERENCE
ATM001562,20.358632,71.259496,Gujarat,,8842deab07fffff,8942deab077ffff,SYNTHETIC_REFERENCE
ATM001563,26.702965,88.380416,West Bengal,,883c1998a1fffff,893c1998a07ffff,SYNTHETIC_REFERENCE
ATM001564,11.105239,77.223951,Tamil Nadu,,8860339a93fffff,8960339a93bffff,SYNTHETIC_REFERENCE
ATM001565,25.868601,83.475568,Uttar Pradesh,,883c1632d9fffff,893c1632d9bffff,SYNTHETIC_REFERENCE
ATM001566,28.679609,77.108845,Delhi,,883da18dd5fffff,893da18dd5bffff,SYNTHETIC_REFERENCE
ATM001567,16.23731,72.733034,Maharashtra,,8860f628d7fffff,8960f628d73ffff,SYNTHETIC_REFERENCE
ATM001568,19.751109,78.745643,Telangana,,886094b349fffff,896094b348bffff,SYNTHETIC_REFERENCE
ATM001569,27.66217,77.605835,Uttar Pradesh,,883da33693fffff,893da336923ffff,SYNTHETIC_REFERENCE
ATM001570,28.213489,84.087507,Uttar Pradesh,,883c33a6abfffff,893c33a6aa3ffff,SYNTHETIC_REFERENCE
ATM001571,27.47209,77.958476,Uttar Pradesh,,883dae406dfffff,893dae406cbffff,SYNTHETIC_REFERENCE
ATM001572,18.185058,80.342024,Telangana,,8860b44f13fffff,8960b44f123ffff,SYNTHETIC_REFERENCE
ATM001573,18.201066,79.902653,Maharashtra,,8860b46c65fffff,8960b46c647ffff,SYNTHETIC_REFERENCE
ATM001574,18.4596,80.886921,Telangana,,883c969a6bfffff,893c969a6a3ffff,SYNTHETIC_REFERENCE
ATM001575,27.489238,70.655334,Rajasthan,,8842517addfffff,8942517add3ffff,SYNTHETIC_REFERENCE
ATM001576,25.22978,71.275796,Rajasthan,,8842e81041fffff,8942e810417ffff,SYNTHETIC_REFERENCE
ATM001577,19.526189,80.31764,Telangana,,883cb25859fffff,893cb258597ffff,SYNTHETIC_REFERENCE
ATM001578,25.023111,76.648504,Madhya Pradesh,,883d86472bfffff,893d86472b3ffff,SYNTHETIC_REFERENCE
ATM001579,16.777887,78.878544,Maharashtra,,8860b5b63bfffff,8960b5b6333ffff,SYNTHETIC_REFERENCE
ATM001580,26.413937,71.486948,Rajasthan,,8842edb963fffff,8942edb9627ffff,SYNTHETIC_REFERENCE
ATM001581,19.546381,72.934771,Maharashtra,,8842db4eb7fffff,8942db4eb6fffff,SYNTHETIC_REFERENCE
ATM001582,17.68749,76.489023,Maharashtra,,88608558d7fffff,89608558d47ffff,SYNTHETIC_REFERENCE
ATM001583,8.913771,80.237083,Tamil Nadu,,88611e4cc1fffff,89611e4cc07ffff,SYNTHETIC_REFERENCE
ATM001584,9.250036,76.734448,Tamil Nadu,,886022c433fffff,896022c4333ffff,SYNTHETIC_REFERENCE
ATM001585,24.951312,87.0684,Bihar,,883c1a183bfffff,893c1a183bbffff,SYNTHETIC_REFERENCE
ATM001586,10.440281,78.518205,Tamil Nadu,,8860347953fffff,8960347952bffff,SYNTHETIC_REFERENCE
ATM001587,8.296642,74.889521,Kerala,,88602e9b03fffff,89602e9b02bffff,SYNTHETIC_REFERENCE
ATM001588,18.453284,79.378239,Maharashtra,,8860b00067fffff,8960b000667ffff,SYNTHETIC_REFERENCE
ATM001589,21.265529,73.319665,Maharashtra,,8842d9aa2bfffff,8942d9aa2a7ffff,SYNTHETIC_REFERENCE
ATM001590,19.045524,80.179806,Maharashtra,,8860b675d9fffff,8960b675d83ffff,SYNTHETIC_REFERENCE
ATM001591,26.177012,83.3047,Uttar Pradesh,,883c16b761fffff,893c16b761bffff,SYNTHETIC_REFERENCE
ATM001592,8.835326,80.035117,Tamil Nadu,,88611e6307fffff,89611e63067ffff,SYNTHETIC_REFERENCE
ATM001593,23.556547,74.130407,Gujarat,,8842c98905fffff,8942c9890cfffff,SYNTHETIC_REFERENCE
ATM001594,19.93035,75.616253,Maharashtra,,88609ca837fffff,89609ca8373ffff,SYNTHETIC_REFERENCE
ATM001595,12.515633,75.516474,Kerala,,88601182c1fffff,89601182c73ffff,SYNTHETIC_REFERENCE
ATM001596,23.026601,80.167114,Madhya Pradesh,,883d9b8f69fffff,893d9b8f68fffff,SYNTHETIC_REFERENCE
ATM001597,16.880682,78.275256,Karnataka,,8860a2c6b3fffff,8960a2c6b2bffff,SYNTHETIC_REFERENCE
ATM001598,16.910735,79.223384,Maharashtra,,8860b58719fffff,8960b587193ffff,SYNTHETIC_REFERENCE
ATM001599,28.595968,77.484839,Uttar Pradesh,,883da13315fffff,893da133153ffff,SYNTHETIC_REFERENCE
ATM001600,18.078228,74.946953,Maharashtra,,88608128d9fffff,89608128d93ffff,SYNTHETIC_REFERENCE
ATM001601,17.548739,80.758459,Maharashtra,,88619a6d27fffff,8960b4d21b7ffff,SYNTHETIC_REFERENCE
ATM001602,27.627997,75.81555,Rajasthan,,883da04153fffff,893da04152fffff,SYNTHETIC_REFERENCE
ATM001603,30.238662,79.866734,Uttar Pradesh,,883d1e0d2dfffff,893d1e0d2c7ffff,SYNTHETIC_REFERENCE
ATM001604,17.132697,75.998842,Karnataka,,886085a9e3fffff,896085a9e23ffff,SYNTHETIC_REFERENCE
ATM001605,21.973762,82.502011,Odisha,,883ca26857fffff,893ca26857bffff,SYNTHETIC_REFERENCE
ATM001606,28.873843,76.931263,Delhi,,883da182c9fffff,893da182c9bffff,SYNTHETIC_REFERENCE
ATM001607,9.700614,76.7661,Kerala,,8860225893fffff,8960225893bffff,SYNTHETIC_REFERENCE
ATM001608,18.120033,77.648154,Maharashtra,,886084594bfffff,896084594b3ffff,SYNTHETIC_REFERENCE
ATM001609,17.622751,80.243717,Telangana,,8860b410bbfffff,8960b410bb3ffff,SYNTHETIC_REFERENCE
ATM001610,9.355822,76.439678,Tamil Nadu,,8860220e6dfffff,8960220e6c7ffff,SYNTHETIC_REFERENCE
ATM001611,17.519548,76.536762,Maharashtra,,8860855235fffff,89608552343ffff,SYNTHETIC_REFERENCE
ATM001612,16.675328,75.544818,Maharashtra,,8860aa9921fffff,8960aa9920fffff,SYNTHETIC_REFERENCE
ATM001613,28.599992,76.834435,Delhi,,883da1d491fffff,893da1d490fffff,SYNTHETIC_REFERENCE
ATM001614,22.783213,73.771364,Gujarat,,8842c86441fffff,8942c864407ffff,SYNTHETIC_REFERENCE
ATM001615,16.422146,79.651013,Telangana,,88619bad2bfffff,89619bad2a3ffff,SYNTHETIC_REFERENCE
ATM001616,27.786122,73.190145,Rajasthan,,88425822adfffff,89425822ac7ffff,SYNTHETIC_REFERENCE
ATM001617,18.6745,78.883999,Telangana,,8860b3931bfffff,8960b3931a7ffff,SYNTHETIC_REFERENCE
ATM001618,18.829679,72.66103,Maharashtra,,88608b0621fffff,89608b0620bffff,SYNTHETIC_REFERENCE
ATM001619,16.372869,77.042176,Karnataka,,8860a38d97fffff,8960a38d973ffff,SYNTHETIC_REFERENCE
ATM001620,23.764966,79.798701,Uttar Pradesh,,883d98ae05fffff,893d98ae053ffff,SYNTHETIC_REFERENCE
ATM001621,21.865804,76.092113,Maharashtra,,883d9240a5fffff,893d9240a53ffff,SYNTHETIC_REFERENCE
ATM001622,10.508949,77.165818,Kerala,,886031c84bfffff,896031c84b7ffff,SYNTHETIC_REFERENCE
ATM001623,23.399405,71.867042,Gujarat,,8842ccca61fffff,8942ccca61bffff,SYNTHETIC_REFERENCE
ATM001624,28.798902,77.31862,Delhi,,883da1b8d7fffff,893da1b8d73ffff,SYNTHETIC_REFERENCE
ATM001625,14.752528,76.185498,Karnataka,,886012658bfffff,896012658afffff,SYNTHETIC_REFERENCE
ATM001626,17.382809,81.163495,Telangana,,88619a452dfffff,89619a452cfffff,SYNTHETIC_REFERENCE
ATM001627,28.310447,77.632495,Uttar Pradesh,,883da1290bfffff,893da1290a3ffff,SYNTHETIC_REFERENCE
ATM001628,21.122942,76.588648,Maharashtra,,88609ed061fffff,89609ed0607ffff,SYNTHETIC_REFERENCE
ATM001629,23.974402,81.177851,Uttar Pradesh,,883d99261dfffff,893d99261cbffff,SYNTHETIC_REFERENCE
ATM001630,23.877836,89.423223,West Bengal,,883cf0aedbfffff,893cf0aedb3ffff,SYNTHETIC_REFERENCE
ATM001631,28.501997,77.295879,Delhi,,883da10725fffff,893da107247ffff,SYNTHETIC_REFERENCE
ATM001632,11.167288,76.423902,Tamil Nadu,,886006d8c7fffff,896006d8c7bffff,SYNTHETIC_REFERENCE
ATM001633,29.997286,74.011014,Rajasthan,,8842484425fffff,89424844257ffff,SYNTHETIC_REFERENCE
ATM001634,28.559894,75.955161,Haryana,,883da5483dfffff,893da5483c3ffff,SYNTHETIC_REFERENCE
ATM001635,21.09029,75.130696,Maharashtra,,886098476bfffff,896098476a7ffff,SYNTHETIC_REFERENCE
ATM001636,12.929467,74.593728,Karnataka,,88601c4309fffff,89601c4308fffff,SYNTHETIC_REFERENCE
ATM001637,13.65523,77.588221,Karnataka,,886016c59bfffff,896016c59b7ffff,SYNTHETIC_REFERENCE
ATM001638,24.18827,86.887178,West Bengal,,883ca98ce1fffff,893ca98ce17ffff,SYNTHETIC_REFERENCE
ATM001639,18.597688,83.42965,Odisha,,883c91465bfffff,893c91465abffff,SYNTHETIC_REFERENCE
ATM001640,29.985478,79.607003,Uttar Pradesh,,883d1e4e6dfffff,893d1e4e6d3ffff,SYNTHETIC_REFERENCE
ATM001641,27.461997,85.677629,Bihar,,883c02033bfffff,893c02033a3ffff,SYNTHETIC_REFERENCE
ATM001642,22.139151,81.842033,Madhya Pradesh,,883cb524e5fffff,893cb524e4fffff,SYNTHETIC_REFERENCE
ATM001643,26.676452,82.393502,Uttar Pradesh,,883d89b8d3fffff,893d89b8d27ffff,SYNTHETIC_REFERENCE
ATM001644,19.833217,77.405719,Telangana,,8860953aebfffff,8960953aeafffff,SYNTHETIC_REFERENCE
ATM001645,16.196448,80.153873,Telangana,,88619b82ebfffff,89619b82eb3ffff,SYNTHETIC_REFERENCE
ATM001646,30.345475,74.452904,Punjab,,88424838d3fffff,89424838d33ffff,SYNTHETIC_REFERENCE
ATM001647,23.771597,77.166035,Uttar Pradesh,,883d91d5adfffff,893d91d5ac3ffff,SYNTHETIC_REFERENCE
ATM001648,25.914568,86.52429,West Bengal,,883c1ea863fffff,893c1ea862fffff,SYNTHETIC_REFERENCE
ATM001649,14.827272,76.787125,Karnataka,,886012413bfffff,896012413abffff,SYNTHETIC_REFERENCE
ATM001650,28.614176,76.816264,Delhi,,883da1d4d1fffff,893da1d4d07ffff,SYNTHETIC_REFERENCE
ATM001651,19.012356,77.243104,Telangana,,8860867539fffff,89608675397ffff,SYNTHETIC_REFERENCE
ATM001652,12.290394,79.862548,Tamil Nadu,,88618caa8dfffff,89618caa853ffff,SYNTHETIC_REFERENCE
ATM001653,23.610472,78.712774,Madhya Pradesh,,883d9eb6b3fffff,893d9eb6b2fffff,SYNTHETIC_REFERENCE
ATM001654,23.866504,77.425036,Madhya Pradesh,,883d911211fffff,893d9112107ffff,SYNTHETIC_REFERENCE
ATM001655,27.139759,87.680274,Bihar,,883c1d1ad7fffff,893c1d1ad6fffff,SYNTHETIC_REFERENCE
ATM001656,17.749225,77.705079,Maharashtra,,886084c167fffff,896084c167bffff,SYNTHETIC_REFERENCE
ATM001657,28.863454,77.377235,Delhi,,883da1a223fffff,893da1a223bffff,SYNTHETIC_REFERENCE
ATM001658,18.857338,76.358446,Maharashtra,,886082b6d5fffff,896082b6d0bffff,SYNTHETIC_REFERENCE
ATM001659,16.942647,81.131375,Telangana,,88619a1183fffff,89619a1182bffff,SYNTHETIC_REFERENCE
ATM001660,8.885479,78.577301,Tamil Nadu,,88611bc5e1fffff,89611bc5e0fffff,SYNTHETIC_REFERENCE
ATM001661,16.958456,78.343934,Telangana,,8860a2c511fffff,8960a2c5113ffff,SYNTHETIC_REFERENCE
ATM001662,25.915774,78.289378,Rajasthan,,883d80372dfffff,893d803721bffff,SYNTHETIC_REFERENCE
ATM001663,18.063838,84.929105,Odisha,,883c9e2565fffff,893c9e2565bffff,SYNTHETIC_REFERENCE
ATM001664,16.128462,73.882523,Maharashtra,,8860aba099fffff,8960aba0983ffff,SYNTHETIC_REFERENCE
ATM001665,28.619781,77.106276,Delhi,,883da11291fffff,893da11290bffff,SYNTHETIC_REFERENCE
ATM001666,16.861049,78.497474,Telangana,,8860a2d545fffff,8960a2d544fffff,SYNTHETIC_REFERENCE
ATM001667,16.156589,75.116724,Maharashtra,,8860a840cbfffff,8960a840cbbffff,SYNTHETIC_REFERENCE
ATM001668,30.169253,84.179776,Uttar Pradesh,,883c22bb03fffff,893c22bb037ffff,SYNTHETIC_REFERENCE
ATM001669,9.74044,76.28422,Kerala,,88602261adfffff,89602261acfffff,SYNTHETIC_REFERENCE
ATM001670,27.210705,83.330301,Bihar,,883c334929fffff,893c334928fffff,SYNTHETIC_REFERENCE
ATM001671,30.275256,77.439946,Haryana,,883d104555fffff,893d1045543ffff,SYNTHETIC_REFERENCE
ATM001672,18.238364,82.384831,Odisha,,883c9009adfffff,893c9009ad7ffff,SYNTHETIC_REFERENCE
ATM001673,30.129149,81.085305,Uttar Pradesh,,883d1aa0d7fffff,893d1aa0d63ffff,SYNTHETIC_REFERENCE
ATM001674,11.697957,75.185107,Karnataka,,8860021297fffff,89600212973ffff,SYNTHETIC_REFERENCE
ATM001675,28.624972,77.215745,Delhi,,883da1140dfffff,893da1140c7ffff,SYNTHETIC_REFERENCE
ATM001676,28.278755,78.259709,Rajasthan,,883daeb15bfffff,893daeb15a7ffff,SYNTHETIC_REFERENCE
ATM001677,16.978796,79.406702,Telangana,,8860b5836bfffff,8960b5836a7ffff,SYNTHETIC_REFERENCE
ATM001678,15.279932,75.865968,Karnataka,,8860ac0b61fffff,8960ac0b60fffff,SYNTHETIC_REFERENCE
ATM001679,20.878145,74.357976,Gujarat,,8860995927fffff,8960995927bffff,SYNTHETIC_REFERENCE
ATM001680,12.793245,78.243165,Tamil Nadu,,8861891765fffff,89618917647ffff,SYNTHETIC_REFERENCE
ATM001681,27.662393,78.727184,Uttar Pradesh,,883daa9359fffff,893daa93593ffff,SYNTHETIC_REFERENCE
ATM001682,26.915267,75.615737,Rajasthan,,883da2ced3fffff,893da2ced2bffff,SYNTHETIC_REFERENCE
ATM001683,10.933419,80.260169,Tamil Nadu,,8861a86699fffff,8961a866993ffff,SYNTHETIC_REFERENCE
ATM001684,11.462379,77.720992,Tamil Nadu,,886032a013fffff,896032a0127ffff,SYNTHETIC_REFERENCE
ATM001685,28.827849,78.295515,Uttar Pradesh,,883dac18b5fffff,893dac18b4bffff,SYNTHETIC_REFERENCE
ATM001686,23.69174,87.35314,West Bengal,,883ca966d7fffff,893ca966d77ffff,SYNTHETIC_REFERENCE
ATM001687,18.363565,79.088773,Maharashtra,,8860b03155fffff,8960b0315cfffff,SYNTHETIC_REFERENCE
ATM001688,14.940794,77.652466,Karnataka,,8860a50867fffff,8960a508677ffff,SYNTHETIC_REFERENCE
ATM001689,24.785987,87.334071,West Bengal,,883c1a72a1fffff,893c1a72a17ffff,SYNTHETIC_REFERENCE
ATM001690,12.554883,77.176988,Tamil Nadu,,8860140049fffff,89601400483ffff,SYNTHETIC_REFERENCE
ATM001691,25.048243,80.834222,Uttar Pradesh,,883d8a1731fffff,893d8a1731bffff,SYNTHETIC_REFERENCE
ATM001692,28.530425,76.805452,Delhi,,883da1d5bbfffff,893da1d5b33ffff,SYNTHETIC_REFERENCE
ATM001693,11.665636,78.295485,Tamil Nadu,,886032d489fffff,896032d4893ffff,SYNTHETIC_REFERENCE
ATM001694,24.039452,89.771177,West Bengal,,883cf1d439fffff,893cf1d4393ffff,SYNTHETIC_REFERENCE
ATM001695,28.6856,77.318059,Delhi,,883da1ab09fffff,893da1ab08fffff,SYNTHETIC_REFERENCE
ATM001696,20.741471,71.786001,Gujarat,,8842d8d681fffff,8942d8d680fffff,SYNTHETIC_REFERENCE
ATM001697,29.249453,74.631331,Rajasthan,,88424a2eb1fffff,89424a2eb03ffff,SYNTHETIC_REFERENCE
ATM001698,20.195291,75.687962,Maharashtra,,88609c0c53fffff,89609c0c53bffff,SYNTHETIC_REFERENCE
ATM001699,24.137902,80.480042,Uttar Pradesh,,883d998e07fffff,893d998e06bffff,SYNTHETIC_REFERENCE
ATM001700,17.417366,80.754947,Telangana,,88619a6e05fffff,89619a6e043ffff,SYNTHETIC_REFERENCE
ATM001701,21.222378,74.290426,Gujarat,,88609b8d53fffff,89609b8d53bffff,SYNTHETIC_REFERENCE
ATM001702,29.898594,71.679158,Rajasthan,,884243b25dfffff,894243b25c3ffff,SYNTHETIC_REFERENCE
ATM001703,14.001558,78.119556,Karnataka,,88618b31e5fffff,89618b31e57ffff,SYNTHETIC_REFERENCE
ATM001704,21.786382,76.280545,Maharashtra,,883d92792bfffff,893d92792abffff,SYNTHETIC_REFERENCE
ATM001705,25.311179,74.129627,Rajasthan,,883db0ca2dfffff,893db0ca2cbffff,SYNTHETIC_REFERENCE
ATM001706,16.345608,75.257983,Karnataka,,8860a84b63fffff,8960a84b62fffff,SYNTHETIC_REFERENCE
ATM001707,28.768237,76.830994,Delhi,,883da198d1fffff,893da198d13ffff,SYNTHETIC_REFERENCE
ATM001708,15.915485,75.806188,Maharashtra,,8860aea125fffff,8960aea1243ffff,SYNTHETIC_REFERENCE
ATM001709,10.044103,77.494096,Tamil Nadu,,886035784dfffff,896035784dbffff,SYNTHETIC_REFERENCE
ATM001710,10.458691,75.633907,Kerala,,886004783bfffff,896004783b3ffff,SYNTHETIC_REFERENCE
ATM001711,24.82658,79.351969,Uttar Pradesh,,883d9d984bfffff,893d9d984b7ffff,SYNTHETIC_REFERENCE
ATM001712,30.019311,73.117798,Rajasthan,,88424ea9b3fffff,89424ea9b3bffff,SYNTHETIC_REFERENCE
ATM001713,18.446162,77.385323,Maharashtra,,886086b803fffff,896086b8027ffff,SYNTHETIC_REFERENCE
ATM001714,24.623368,69.722088,Gujarat,,8842eed161fffff,8942eed1603ffff,SYNTHETIC_REFERENCE
ATM001715,11.847052,79.135537,Tamil Nadu,,88618d80b7fffff,89618d80b6bffff,SYNTHETIC_REFERENCE
ATM001716,18.29003,77.563171,Telangana,,8860868645fffff,89608686447ffff,SYNTHETIC_REFERENCE
ATM001717,11.822798,76.462788,Tamil Nadu,,8860159135fffff,8960159134bffff,SYNTHETIC_REFERENCE
ATM001718,29.567271,76.792702,Haryana,,883d12d19bfffff,893d12d19a7ffff,SYNTHETIC_REFERENCE
ATM001719,24.955692,83.396327,Uttar Pradesh,,883c12d853fffff,893c12d8527ffff,SYNTHETIC_REFERENCE
ATM001720,15.794264,79.603647,Maharashtra,,88619970e5fffff,89619970e4bffff,SYNTHETIC_REFERENCE
ATM001721,25.773053,84.366181,Bihar,,883c1071c1fffff,893c1071c13ffff,SYNTHETIC_REFERENCE
ATM001722,8.83578,80.108559,Tamil Nadu,,88611e7a85fffff,89611e7a85bffff,SYNTHETIC_REFERENCE
ATM001723,27.839796,75.11719,Haryana,,883da6aabbfffff,893da6aaba7ffff,SYNTHETIC_REFERENCE
ATM001724,21.699983,72.10748,Gujarat,,8842dd12e9fffff,8942dd12e87ffff,SYNTHETIC_REFERENCE
ATM001725,24.259846,75.105663,Madhya Pradesh,,883d949067fffff,893d9490663ffff,SYNTHETIC_REFERENCE
ATM001726,16.987885,78.178882,Telangana,,8860a21aa3fffff,8960a21aa3bffff,SYNTHETIC_REFERENCE
ATM001727,22.717194,87.603463,West Bengal,,883cf648dbfffff,893cf648da7ffff,SYNTHETIC_REFERENCE
ATM001728,29.923304,75.174104,Haryana,,88424b1683fffff,89424b1683bffff,SYNTHETIC_REFERENCE
ATM001729,10.116734,77.802761,Tamil Nadu,,8860354a67fffff,8960354a62bffff,SYNTHETIC_REFERENCE
ATM001730,30.23755,84.255464,Uttar Pradesh,,883c22bacbfffff,893c22bacbbffff,SYNTHETIC_REFERENCE
ATM001731,29.020949,78.836608,Uttar Pradesh,,883dac3567fffff,893dac3566bffff,SYNTHETIC_REFERENCE
ATM001732,23.969457,79.408471,Uttar Pradesh,,883d9d494dfffff,893d9d494dbffff,SYNTHETIC_REFERENCE
ATM001733,25.340882,80.845036,Uttar Pradesh,,883d8a86b5fffff,893d8a86b47ffff,SYNTHETIC_REFERENCE
ATM001734,16.966323,77.948286,Karnataka,,8860a20505fffff,8960a205053ffff,SYNTHETIC_REFERENCE
ATM001735,12.746752,77.67467,Tamil Nadu,,886014cb67fffff,896014cb663ffff,SYNTHETIC_REFERENCE
ATM001736,11.879789,77.48262,Tamil Nadu,,8860322e41fffff,8960322e403ffff,SYNTHETIC_REFERENCE
ATM001737,16.049713,80.076418,Telangana,,88619b96bbfffff,89619b96bafffff,SYNTHETIC_REFERENCE
ATM001738,20.145207,70.77785,Gujarat,,8842dec0c9fffff,8942dec0c97ffff,SYNTHETIC_REFERENCE
ATM001739,17.708027,78.355034,Maharashtra,,8860b18531fffff,8960b185307ffff,SYNTHETIC_REFERENCE
ATM001740,20.503971,75.123985,Maharashtra,,8860988e29fffff,8960988e667ffff,SYNTHETIC_REFERENCE
ATM001741,29.100226,79.233767,Uttar Pradesh,,883dad52abfffff,893dad52ab7ffff,SYNTHETIC_REFERENCE
ATM001742,26.21355,75.897763,Rajasthan,,883db1b8b7fffff,893db1b8b63ffff,SYNTHETIC_REFERENCE
ATM001743,28.28115,84.504,Uttar Pradesh,,883c068961fffff,893c0689607ffff,SYNTHETIC_REFERENCE
ATM001744,13.153611,77.046662,Karnataka,,8860146969fffff,8960146969bffff,SYNTHETIC_REFERENCE
ATM001745,18.299696,80.951904,Telangana,,883c96d695fffff,893c96d694fffff,SYNTHETIC_REFERENCE
ATM001746,22.0069,80.615824,Madhya Pradesh,,883cb5d835fffff,893cb5d8357ffff,SYNTHETIC_REFERENCE
ATM001747,19.236919,74.879727,Maharashtra,,88609d94b1fffff,89609d94b0bffff,SYNTHETIC_REFERENCE
ATM001748,22.282401,70.302793,Gujarat,,8842c04e99fffff,8942c04e98bffff,SYNTHETIC_REFERENCE
ATM001749,28.689657,77.3334,Delhi,,883da1ab1dfffff,893da1ab1dbffff,SYNTHETIC_REFERENCE
ATM001750,24.745038,88.463717,West Bengal,,883cf4b593fffff,893cf4b593bffff,SYNTHETIC_REFERENCE
ATM001751,10.58624,74.93303,Kerala,,886000175bfffff,896000175a3ffff,SYNTHETIC_REFERENCE
ATM001752,17.090295,76.683614,Maharashtra,,8860a36debfffff,8960a36de87ffff,SYNTHETIC_REFERENCE
ATM001753,25.640623,78.381403,Uttar Pradesh,,883d8028abfffff,893d8028ab3ffff,SYNTHETIC_REFERENCE
ATM001754,25.913225,84.881768,Bihar,,883c102d81fffff,893c102d81bffff,SYNTHETIC_REFERENCE
ATM001755,24.858375,73.583072,Rajasthan,,883db609d7fffff,893db609d77ffff,SYNTHETIC_REFERENCE
ATM001756,8.833063,80.003758,Tamil Nadu,,88611e6069fffff,89611e6068fffff,SYNTHETIC_REFERENCE
ATM001757,28.833851,77.224572,Delhi,,883da1ba1dfffff,893da1ba1c7ffff,SYNTHETIC_REFERENCE
ATM001758,28.453107,77.265526,Delhi,,883da100a1fffff,893da100a0bffff,SYNTHETIC_REFERENCE
ATM001759,11.916604,76.796188,Kerala,,88603378b3fffff,89603378b2fffff,SYNTHETIC_REFERENCE
ATM001760,18.347036,85.327839,Odisha,,883c98190bfffff,893c98190abffff,SYNTHETIC_REFERENCE
ATM001761,28.817162,77.146412,Delhi,,883da18583fffff,893da18582bffff,SYNTHETIC_REFERENCE
ATM001762,16.060211,76.108472,Karnataka,,8860ae123dfffff,8960ae123c7ffff,SYNTHETIC_REFERENCE
ATM001763,25.991863,83.468447,Bihar,,883c16ae15fffff,893c16ae153ffff,SYNTHETIC_REFERENCE
ATM001764,19.689363,73.276012,Maharashtra,,8842db6717fffff,8942db67173ffff,SYNTHETIC_REFERENCE
ATM001765,26.501601,79.224179,Uttar Pradesh,,883d81a11bfffff,893d81a11a3ffff,SYNTHETIC_REFERENCE
ATM001766,29.399912,74.913591,Haryana,,88424b4213fffff,89424b42127ffff,SYNTHETIC_REFERENCE
ATM001767,28.272339,83.042088,Uttar Pradesh,,883c3076b7fffff,893c3074d9bffff,SYNTHETIC_REFERENCE
ATM001768,24.627146,77.792779,Uttar Pradesh,,883d820f21fffff,893d820f20fffff,SYNTHETIC_REFERENCE
ATM001769,16.531299,79.880159,Maharashtra,,88619b15b1fffff,89619b15b0fffff,SYNTHETIC_REFERENCE
ATM001770,25.990206,85.589579,Bihar,,883c116a53fffff,893c116a53bffff,SYNTHETIC_REFERENCE
ATM001771,23.768325,75.216093,Rajasthan,,883d94cc0bfffff,893d94cc0a3ffff,SYNTHETIC_REFERENCE
ATM001772,28.834,77.296912,Delhi,,883da1ba95fffff,893da1ba90bffff,SYNTHETIC_REFERENCE
ATM001773,27.819777,77.572118,Uttar Pradesh,,883daedac9fffff,893daedac8fffff,SYNTHETIC_REFERENCE
ATM001774,22.140663,86.192305,West Bengal,,883c8c80c1fffff,893c8c80c1bffff,SYNTHETIC_REFERENCE
ATM001775,22.967632,86.52908,West Bengal,,883cab101dfffff,893cab1056fffff,SYNTHETIC_REFERENCE
ATM001776,13.394331,75.771267,Karnataka,,8860102cd5fffff,8960102cd5bffff,SYNTHETIC_REFERENCE
ATM001777,19.666229,79.702542,Telangana,,8860b20b5dfffff,8960b20b5c7ffff,SYNTHETIC_REFERENCE
ATM001778,29.261319,82.398671,Uttar Pradesh,,883c35c901fffff,893c35c901bffff,SYNTHETIC_REFERENCE
ATM001779,29.837509,76.107761,Punjab,,883d1642e5fffff,893d1642e7bffff,SYNTHETIC_REFERENCE
ATM001780,21.365455,72.226379,Gujarat,,8842dd46c9fffff,8942dd46c87ffff,SYNTHETIC_REFERENCE
ATM001781,9.768425,77.393948,Kerala,,8860350c35fffff,8960350c35bffff,SYNTHETIC_REFERENCE
ATM001782,13.418505,75.284,Karnataka,,8860117933fffff,89601179323ffff,SYNTHETIC_REFERENCE
ATM001783,26.804832,86.096113,West Bengal,,883c1cc35bfffff,893c1cc35a7ffff,SYNTHETIC_REFERENCE
ATM001784,25.471127,88.828773,West Bengal,,883c1b30d3fffff,893c1b30d2fffff,SYNTHETIC_REFERENCE
ATM001785,28.818189,77.384664,Delhi,,883da1a15bfffff,893da1a15b3ffff,SYNTHETIC_REFERENCE
ATM001786,32.426806,74.09583,Punjab,,883d361911fffff,893d3619107ffff,SYNTHETIC_REFERENCE
ATM001787,19.169541,79.849871,Telangana,,8860b28311fffff,8960b28310fffff,SYNTHETIC_REFERENCE
ATM001788,19.74299,73.665304,Maharashtra,,88608a7999fffff,89608a78a4bffff,SYNTHETIC_REFERENCE
ATM001789,28.725094,77.38949,Delhi,,883da1aae5fffff,893da1aae53ffff,SYNTHETIC_REFERENCE
ATM001790,28.855909,77.063478,Delhi,,883da1846dfffff,893da1846c3ffff,SYNTHETIC_REFERENCE
ATM001791,8.319714,77.685403,Tamil Nadu,,886026d615fffff,896026d6153ffff,SYNTHETIC_REFERENCE
ATM001792,29.202093,82.331393,Uttar Pradesh,,883c34266dfffff,893c34266dbffff,SYNTHETIC_REFERENCE
ATM001793,26.307274,69.984894,Rajasthan,,8842522537fffff,8942522536fffff,SYNTHETIC_REFERENCE
ATM001794,14.545574,76.157515,Karnataka,,8860122813fffff,8960122812fffff,SYNTHETIC_REFERENCE
ATM001795,19.607078,79.828453,Telangana,,8860b21b21fffff,8960b21b217ffff,SYNTHETIC_REFERENCE
ATM001796,21.533603,71.509505,Gujarat,,8842dca46bfffff,8942dca4633ffff,SYNTHETIC_REFERENCE
ATM001797,21.876515,89.793016,West Bengal,,883cd4a827fffff,893cd4a8277ffff,SYNTHETIC_REFERENCE
ATM001798,25.984413,80.631792,Uttar Pradesh,,883d88c23bfffff,893d88c23b7ffff,SYNTHETIC_REFERENCE
ATM001799,17.256664,79.998298,Telangana,,8860b4b561fffff,8960b4b560fffff,SYNTHETIC_REFERENCE
ATM001800,28.069402,82.43645,Uttar Pradesh,,883c30406dfffff,893c30406d3ffff,SYNTHETIC_REFERENCE
ATM001801,25.350188,79.39908,Uttar Pradesh,,883d8334d7fffff,893d833499bffff,SYNTHETIC_REFERENCE
ATM001802,22.213932,88.556489,West Bengal,,883cf2464dfffff,893cf2464d3ffff,SYNTHETIC_REFERENCE
ATM001803,27.731331,76.352815,Haryana,,883da062b5fffff,893da062b4fffff,SYNTHETIC_REFERENCE
ATM001804,19.365753,80.852412,Telangana,,883cb26953fffff,893cb26952bffff,SYNTHETIC_REFERENCE
ATM001805,24.059515,87.791284,West Bengal,,883cf450d9fffff,893cf450d9bffff,SYNTHETIC_REFERENCE
ATM001806,27.853998,76.579372,Haryana,,883da3935bfffff,893da3935a7ffff,SYNTHETIC_REFERENCE
ATM001807,25.863305,76.152964,Madhya Pradesh,,883db12a69fffff,893db12a6bbffff,SYNTHETIC_REFERENCE
ATM001808,26.406976,83.375179,Uttar Pradesh,,883c1444a7fffff,893c1444a67ffff,SYNTHETIC_REFERENCE
ATM001809,12.234754,75.432268,Kerala,,8860025abdfffff,8960025ab53ffff,SYNTHETIC_REFERENCE
ATM001810,18.05734,77.989222,Telangana,,8860b13a87fffff,8960b13a87bffff,SYNTHETIC_REFERENCE
ATM001811,12.302963,78.191154,Karnataka,,8860324a8dfffff,8960324ac6fffff,SYNTHETIC_REFERENCE
ATM001812,20.851248,78.90829,Maharashtra,,886096b00dfffff,896096b00c3ffff,SYNTHETIC_REFERENCE
ATM001813,23.351117,76.924813,Rajasthan,,883d902019fffff,893d9020187ffff,SYNTHETIC_REFERENCE
ATM001814,18.403482,75.44188,Maharashtra,,8860814ea3fffff,8960814ea33ffff,SYNTHETIC_REFERENCE
ATM001815,27.270687,77.694285,Uttar Pradesh,,883d859291fffff,893d8592903ffff,SYNTHETIC_REFERENCE
ATM001816,16.820861,76.679201,Karnataka,,8860a36657fffff,8960a36656bffff,SYNTHETIC_REFERENCE
ATM001817,22.182223,75.656443,Madhya Pradesh,,883d92db1bfffff,893d92db1a3ffff,SYNTHETIC_REFERENCE
ATM001818,24.889596,83.579312,Bihar,,883c12cf45fffff,893c12cf44bffff,SYNTHETIC_REFERENCE
ATM001819,15.655809,77.865602,Karnataka,,8860a08d91fffff,8960a08d90bffff,SYNTHETIC_REFERENCE
ATM001820,24.355994,83.540123,Bihar,,883ca19537fffff,893ca19536fffff,SYNTHETIC_REFERENCE
ATM001821,26.132865,87.315529,Bihar,,883c18c493fffff,893c18c4927ffff,SYNTHETIC_REFERENCE
ATM001822,23.362412,87.363496,West Bengal,,883cf6d469fffff,893cf6d4683ffff,SYNTHETIC_REFERENCE
ATM001823,19.416618,74.875967,Maharashtra,,88609d8e11fffff,89609d8e10fffff,SYNTHETIC_REFERENCE
ATM001824,28.413304,77.241137,Delhi,,883da101abfffff,893da101ab7ffff,SYNTHETIC_REFERENCE
ATM001825,11.07799,76.309966,Kerala,,886006c2e1fffff,896006c2e0fffff,SYNTHETIC_REFERENCE
ATM001826,28.770842,77.205139,Delhi,,883da1bb17fffff,893da1bb16bffff,SYNTHETIC_REFERENCE
ATM001827,13.020586,75.621413,Karnataka,,886011cc5dfffff,896011cc5c7ffff,SYNTHETIC_REFERENCE
ATM001828,23.907993,70.642742,Rajasthan,,8842c5ac23fffff,8942c5ac227ffff,SYNTHETIC_REFERENCE
ATM001829,23.2105,73.609181,Gujarat,,8842c8a8bdfffff,8942c8a8bd7ffff,SYNTHETIC_REFERENCE
ATM001830,29.931675,75.029455,Rajasthan,,88424b8dd1fffff,89424b8dd0bffff,SYNTHETIC_REFERENCE
ATM001831,16.778248,73.476898,Maharashtra,,88608d8709fffff,89608d87083ffff,SYNTHETIC_REFERENCE
ATM001832,17.208672,76.66228,Karnataka,,886085d0abfffff,896085d0aafffff,SYNTHETIC_REFERENCE
ATM001833,24.686053,80.876866,Madhya Pradesh,,883d8a7351fffff,893d8a73503ffff,SYNTHETIC_REFERENCE
ATM001834,26.550487,87.388845,Bihar,,883c1894a5fffff,893c1894a53ffff,SYNTHETIC_REFERENCE
ATM001835,15.959769,78.804421,Maharashtra,,8860a6b9cbfffff,8960a6b9ca3ffff,SYNTHETIC_REFERENCE
ATM001836,12.113923,75.543951,Kerala,,8860152683fffff,8960152682fffff,SYNTHETIC_REFERENCE
ATM001837,16.019086,75.445145,Karnataka,,8860a8c94dfffff,8960a8c94c3ffff,SYNTHETIC_REFERENCE
ATM001838,28.878986,76.820054,Delhi,,883da190e5fffff,893da190e5bffff,SYNTHETIC_REFERENCE
ATM001839,24.804819,86.649364,West Bengal,,883c1ac969fffff,893c1ac968fffff,SYNTHETIC_REFERENCE
ATM001840,25.230877,75.547834,Madhya Pradesh,,883db385e9fffff,893db385e97ffff,SYNTHETIC_REFERENCE
ATM001841,9.282763,76.085364,Kerala,,8860222053fffff,8960222052bffff,SYNTHETIC_REFERENCE
ATM001842,17.912361,74.973886,Karnataka,,88608122edfffff,89608122ed3ffff,SYNTHETIC_REFERENCE
ATM001843,24.761568,87.018986,Bihar,,883c1a55c7fffff,893c1a55c7bffff,SYNTHETIC_REFERENCE
ATM001844,18.803965,80.167816,Maharashtra,,8860b63acdfffff,8960b63accbffff,SYNTHETIC_REFERENCE
ATM001845,28.473307,77.187557,Delhi,,883da1000dfffff,893da1000d3ffff,SYNTHETIC_REFERENCE
ATM001846,22.827411,86.611366,West Bengal,,883cab0159fffff,893cab0158fffff,SYNTHETIC_REFERENCE
ATM001847,28.741715,77.156211,Delhi,,883da18cd3fffff,893da18cd23ffff,SYNTHETIC_REFERENCE
ATM001848,28.708309,79.351916,Uttar Pradesh,,883da886bbfffff,893da886bafffff,SYNTHETIC_REFERENCE
ATM001849,25.733509,85.286811,Bihar,,883c13ba99fffff,893c13ba993ffff,SYNTHETIC_REFERENCE
ATM001850,30.290217,79.221092,Uttar Pradesh,,883d1eca57fffff,893d1eca567ffff,SYNTHETIC_REFERENCE
ATM001851,17.48683,75.54275,Maharashtra,,886081943dfffff,896081943cbffff,SYNTHETIC_REFERENCE
ATM001852,28.682297,76.951394,Delhi,,883da18ab5fffff,893da18ab5bffff,SYNTHETIC_REFERENCE
ATM001853,29.590088,71.838033,Rajasthan,,884243ab13fffff,894243ab177ffff,SYNTHETIC_REFERENCE
ATM001854,26.295731,74.910581,Madhya Pradesh,,883db5701dfffff,893db5701cfffff,SYNTHETIC_REFERENCE
ATM001855,18.491907,80.918641,Telangana,,883c969a5bfffff,893c969a5a7ffff,SYNTHETIC_REFERENCE
ATM001856,24.664371,84.359285,Uttar Pradesh,,883c126425fffff,893c126425bffff,SYNTHETIC_REFERENCE
ATM001857,23.726723,82.322293,Madhya Pradesh,,883ca0882dfffff,893ca0882c7ffff,SYNTHETIC_REFERENCE
ATM001858,11.82251,77.436506,Tamil Nadu,,8860322555fffff,89603225557ffff,SYNTHETIC_REFERENCE
ATM001859,24.799287,79.308386,Uttar Pradesh,,883d9d9b03fffff,893d9d9b03bffff,SYNTHETIC_REFERENCE
ATM001860,28.446509,76.886321,Delhi,,883da1c517fffff,893da1c5163ffff,SYNTHETIC_REFERENCE
ATM001861,23.753555,73.221903,Rajasthan,,8842cd5091fffff,8942cd50957ffff,SYNTHETIC_REFERENCE
ATM001862,23.759661,69.090716,Gujarat,,8842e358b3fffff,8942e358b23ffff,SYNTHETIC_REFERENCE
ATM001863,23.938307,75.162175,Rajasthan,,883d94c66dfffff,893d94c66cfffff,SYNTHETIC_REFERENCE
ATM001864,22.243661,74.858968,Madhya Pradesh,,88609a6ea3fffff,89609a6ea2bffff,SYNTHETIC_REFERENCE
ATM001865,22.067722,82.128836,Madhya Pradesh,,883ca2419dfffff,893ca2419d3ffff,SYNTHETIC_REFERENCE
ATM001866,28.810736,77.012439,Delhi,,883da18083fffff,893da180827ffff,SYNTHETIC_REFERENCE
ATM001867,19.797253,77.059388,Maharashtra,,88609524a7fffff,89609524a63ffff,SYNTHETIC_REFERENCE
ATM001868,25.027321,80.007506,Madhya Pradesh,,883d9db403fffff,893d9db402fffff,SYNTHETIC_REFERENCE
ATM001869,28.714367,76.959661,Delhi,,883da18a91fffff,893da18a913ffff,SYNTHETIC_REFERENCE
ATM001870,28.419503,77.07334,Delhi,,883da118c5fffff,893da118c5bffff,SYNTHETIC_REFERENCE
ATM001871,17.74772,76.619687,Karnataka,,8860842c91fffff,8960842c917ffff,SYNTHETIC_REFERENCE
ATM001872,26.963651,88.158959,Bihar,,883c1d2b2bfffff,893c1d2b2b3ffff,SYNTHETIC_REFERENCE
ATM001873,28.481808,77.215067,Delhi,,883da1001dfffff,893da1001d7ffff,SYNTHETIC_REFERENCE
ATM001874,19.915479,80.73363,Maharashtra,,883cb200e9fffff,893cb200e83ffff,SYNTHETIC_REFERENCE
ATM001875,19.840963,80.015382,Telangana,,883cb2db6dfffff,893cb2db6cfffff,SYNTHETIC_REFERENCE
ATM001876,25.079567,87.212924,Bihar,,883c1a1525fffff,893c1a1524fffff,SYNTHETIC_REFERENCE
ATM001877,16.284986,79.079804,Maharashtra,,8860a61b1bfffff,8960a61b1bbffff,SYNTHETIC_REFERENCE
ATM001878,32.230588,75.0485,Punjab,,883d32806dfffff,893d3280653ffff,SYNTHETIC_REFERENCE
ATM001879,28.715318,77.058086,Delhi,,883da18c6bfffff,893da18c6b7ffff,SYNTHETIC_REFERENCE
ATM001880,22.113719,70.155337,Gujarat,,8842c04981fffff,8942c04981bffff,SYNTHETIC_REFERENCE
ATM001881,16.858694,78.306412,Karnataka,,8860a2c689fffff,8960a2c68d7ffff,SYNTHETIC_REFERENCE
ATM001882,29.991181,78.328338,Uttar Pradesh,,883d131a4bfffff,893d13c4b4fffff,SYNTHETIC_REFERENCE
ATM001883,12.223821,76.717322,Kerala,,886015da05fffff,896015da04bffff,SYNTHETIC_REFERENCE
ATM001884,13.344578,74.309509,Karnataka,,88601ea181fffff,89601ea180bffff,SYNTHETIC_REFERENCE
ATM001885,23.027584,89.557612,West Bengal,,883cf38b43fffff,893cf38b427ffff,SYNTHETIC_REFERENCE
ATM001886,18.396033,80.156324,Telangana,,8860b6a769fffff,8960b6a7697ffff,SYNTHETIC_REFERENCE
ATM001887,17.245775,78.570922,Maharashtra,,8860b5263dfffff,8960b5263c3ffff,SYNTHETIC_REFERENCE
ATM001888,15.779978,75.715167,Maharashtra,,8860aea297fffff,8960aea2973ffff,SYNTHETIC_REFERENCE
ATM001889,11.547143,76.798996,Tamil Nadu,,8860330ea9fffff,8960330ea83ffff,SYNTHETIC_REFERENCE
ATM001890,31.969011,74.605094,Punjab,,883d3669a3fffff,893d3669a2bffff,SYNTHETIC_REFERENCE
ATM001891,16.10074,75.863907,Karnataka,,8860ae0605fffff,8960ae0605bffff,SYNTHETIC_REFERENCE
ATM001892,15.712701,74.494273,Karnataka,,8860a835abfffff,8960a835ab7ffff,SYNTHETIC_REFERENCE
ATM001893,11.716698,78.183996,Karnataka,,886032c699fffff,896032c698bffff,SYNTHETIC_REFERENCE
ATM001894,9.582965,79.560676,Tamil Nadu,,88611a4011fffff,89611a4010bffff,SYNTHETIC_REFERENCE
ATM001895,19.897336,78.066868,Telangana,,886095c191fffff,896095c191bffff,SYNTHETIC_REFERENCE
ATM001896,25.148546,86.548013,Bihar,,883c1e69b1fffff,893c1e69b03ffff,SYNTHETIC_REFERENCE
ATM001897,29.95123,77.559166,Rajasthan,,883d12a231fffff,893d12a2307ffff,SYNTHETIC_REFERENCE
ATM001898,26.620704,76.49697,Rajasthan,,883d84983bfffff,893d84983a3ffff,SYNTHETIC_REFERENCE
ATM001899,16.468773,80.712737,Maharashtra,,88619ab4b9fffff,89619ab4b83ffff,SYNTHETIC_REFERENCE
ATM001900,22.428896,82.398747,Odisha,,883ca20e47fffff,893ca20e47bffff,SYNTHETIC_REFERENCE
ATM001901,25.56602,77.761178,Uttar Pradesh,,883d80548bfffff,893d80548bbffff,SYNTHETIC_REFERENCE
ATM001902,17.338993,79.372433,Maharashtra,,8860b5c589fffff,8960b5c5883ffff,SYNTHETIC_REFERENCE
ATM001903,28.589158,76.853038,Delhi,,883da18961fffff,893da189603ffff,SYNTHETIC_REFERENCE
ATM001904,21.674237,74.382715,Gujarat,,88609b5551fffff,89609b5550fffff,SYNTHETIC_REFERENCE
ATM001905,18.381703,78.90626,Telangana,,8860b02281fffff,8960b02280bffff,SYNTHETIC_REFERENCE
ATM001906,16.482808,81.243325,Telangana,,88619a955bfffff,89619a955b3ffff,SYNTHETIC_REFERENCE
ATM001907,26.178839,87.097761,West Bengal,,883c18d5ebfffff,893c18d5ea7ffff,SYNTHETIC_REFERENCE
ATM001908,23.983474,77.430354,Uttar Pradesh,,883d918e23fffff,893d918e227ffff,SYNTHETIC_REFERENCE
ATM001909,21.798193,79.110764,Madhya Pradesh,,8860964c21fffff,8960964c20bffff,SYNTHETIC_REFERENCE
ATM001910,24.372312,71.329484,Gujarat,,8842eabb2dfffff,8942eabb2cfffff,SYNTHETIC_REFERENCE
ATM001911,19.256076,79.028135,Telangana,,8860b3ca47fffff,8960b3ca46fffff,SYNTHETIC_REFERENCE
ATM001912,28.101802,75.94048,Rajasthan,,883da010adfffff,893da010e6fffff,SYNTHETIC_REFERENCE
ATM001913,24.70035,79.745242,Uttar Pradesh,,883d9d1623fffff,893d9d16227ffff,SYNTHETIC_REFERENCE
ATM001914,25.132622,86.275717,West Bengal,,883cadb549fffff,893cadb548fffff,SYNTHETIC_REFERENCE
ATM001915,25.603089,74.206235,Rajasthan,,883db0d455fffff,893db0d4557ffff,SYNTHETIC_REFERENCE
ATM001916,18.473949,76.182854,Karnataka,,886080392bfffff,89608039287ffff,SYNTHETIC_REFERENCE
ATM001917,23.853861,70.922024,Gujarat,,8842eac931fffff,8942eac9313ffff,SYNTHETIC_REFERENCE
ATM001918,21.622675,85.03203,Odisha,,883c81889dfffff,893c81889d7ffff,SYNTHETIC_REFERENCE
ATM001919,19.435041,78.884864,Telangana,,8860b3502dfffff,8960b3502dbffff,SYNTHETIC_REFERENCE
ATM001920,29.594205,76.453058,Haryana,,883da5b5d3fffff,893da5b5d2bffff,SYNTHETIC_REFERENCE
ATM001921,14.479942,74.663835,Karnataka,,8860adb98dfffff,8960adb98cfffff,SYNTHETIC_REFERENCE
ATM001922,16.19878,72.738374,Maharashtra,,8860f62a93fffff,8960f62a92fffff,SYNTHETIC_REFERENCE
ATM001923,29.527386,78.797209,Uttar Pradesh,,883d136ae5fffff,893d136ae57ffff,SYNTHETIC_REFERENCE
ATM001924,16.667178,80.217745,Telangana,,88619bce91fffff,89619bce90bffff,SYNTHETIC_REFERENCE
ATM001925,25.708111,80.84594,Uttar Pradesh,,883d885569fffff,893d885568fffff,SYNTHETIC_REFERENCE
ATM001926,16.640071,80.565889,Maharashtra,,88619bda35fffff,89619bda353ffff,SYNTHETIC_REFERENCE
ATM001927,30.410219,77.177748,Haryana,,883d1052d5fffff,893d1052d5bffff,SYNTHETIC_REFERENCE
ATM001928,23.459288,80.708779,Madhya Pradesh,,883d99788bfffff,893d99788b3ffff,SYNTHETIC_REFERENCE
ATM001929,22.320094,86.033614,West Bengal,,883caa2d3dfffff,893caa2d3cbffff,SYNTHETIC_REFERENCE
ATM001930,23.637813,81.458173,Uttar Pradesh,,883ca68699fffff,893ca686983ffff,SYNTHETIC_REFERENCE
ATM001931,18.514527,76.899527,Maharashtra,,886080ca25fffff,896080ca243ffff,SYNTHETIC_REFERENCE
ATM001932,15.647764,76.108299,Maharashtra,,8860ae96bdfffff,8960ae96bd3ffff,SYNTHETIC_REFERENCE
ATM001933,28.759034,77.065616,Delhi,,883da18e17fffff,893da18e16bffff,SYNTHETIC_REFERENCE
ATM001934,30.016323,75.222359,Haryana,,88424bb8a9fffff,89424bb8a8fffff,SYNTHETIC_REFERENCE
ATM001935,19.133882,79.612568,Telangana,,8860b284e7fffff,8960b284e63ffff,SYNTHETIC_REFERENCE
ATM001936,16.948884,74.56478,Maharashtra,,8860ab5b21fffff,8960ab5b203ffff,SYNTHETIC_REFERENCE
ATM001937,27.521819,76.803468,Rajasthan,,883da389a3fffff,893da389a23ffff,SYNTHETIC_REFERENCE
ATM001938,14.467832,75.188182,Karnataka,,8860136cc1fffff,8960136ccabffff,SYNTHETIC_REFERENCE
ATM001939,19.354748,79.944,Telangana,,8860b2d4d9fffff,8960b2d4d9bffff,SYNTHETIC_REFERENCE
ATM001940,22.161193,71.273771,Gujarat,,8842c302ebfffff,8942c302eb3ffff,SYNTHETIC_REFERENCE
ATM001941,28.502128,77.176082,Delhi,,883da10235fffff,893da102353ffff,SYNTHETIC_REFERENCE
ATM001942,17.895952,80.863855,Maharashtra,,883c96c9d7fffff,893c96c9d7bffff,SYNTHETIC_REFERENCE
ATM001943,18.673174,76.632851,Maharashtra,,8860804211fffff,89608042103ffff,SYNTHETIC_REFERENCE
ATM001944,20.516089,86.992212,Odisha,,883c8848c9fffff,893c8848c97ffff,SYNTHETIC_REFERENCE
ATM001945,29.025645,80.428589,Uttar Pradesh,,883da9856bfffff,893da9856afffff,SYNTHETIC_REFERENCE
ATM001946,20.199675,77.465755,Maharashtra,,886095603bfffff,896095603abffff,SYNTHETIC_REFERENCE
ATM001947,26.897333,78.4616,Uttar Pradesh,,883d85225dfffff,893d85225dbffff,SYNTHETIC_REFERENCE
ATM001948,18.569192,74.640294,Maharashtra,,88608e10a9fffff,89608e10a9bffff,SYNTHETIC_REFERENCE
ATM001949,19.550853,78.575168,Telangana,,8860b34e91fffff,8960b34e903ffff,SYNTHETIC_REFERENCE
ATM001950,26.623131,78.690887,Madhya Pradesh,,883d8190d9fffff,893d8190d8fffff,SYNTHETIC_REFERENCE
ATM001951,15.957656,76.497526,Karnataka,,8860a16c6dfffff,8960a16c6c7ffff,SYNTHETIC_REFERENCE
ATM001952,16.330461,78.740867,Telangana,,8860a60c1bfffff,8960a60c1a7ffff,SYNTHETIC_REFERENCE
ATM001953,28.449573,77.173772,Delhi,,883da1015bfffff,893da1015b3ffff,SYNTHETIC_REFERENCE
ATM001954,26.217494,76.346268,Rajasthan,,883d84ca6dfffff,893d84ca6c7ffff,SYNTHETIC_REFERENCE
ATM001955,25.005506,84.106374,Bihar,,883c120545fffff,893c1205447ffff,SYNTHETIC_REFERENCE
ATM001956,25.600263,87.840268,Bihar,,883c186c29fffff,893c186c283ffff,SYNTHETIC_REFERENCE
ATM001957,20.1467,76.077066,Maharashtra,,88609cc5e5fffff,89609cc5e43ffff,SYNTHETIC_REFERENCE
ATM001958,24.448451,86.328431,West Bengal,,883cad74e9fffff,893cad74e9bffff,SYNTHETIC_REFERENCE
ATM001959,30.088946,75.364384,Rajasthan,,88424ba0edfffff,89424ba0ec3ffff,SYNTHETIC_REFERENCE
ATM001960,19.16994,84.973431,Odisha,,883c9c3aa1fffff,893c9c3aa0fffff,SYNTHETIC_REFERENCE
ATM001961,23.788273,77.999363,Rajasthan,,883d91228dfffff,893d91228dbffff,SYNTHETIC_REFERENCE
ATM001962,18.638968,85.352985,Odisha,,883c9888b5fffff,893c9888b43ffff,SYNTHETIC_REFERENCE
ATM001963,22.89909,88.798489,West Bengal,,883cf2b15bfffff,893cf2b15bbffff,SYNTHETIC_REFERENCE
ATM001964,28.860067,82.11799,Uttar Pradesh,,883c346647fffff,893c346646fffff,SYNTHETIC_REFERENCE
ATM001965,11.479747,79.859123,Tamil Nadu,,8861ab010bfffff,8961ab010b7ffff,SYNTHETIC_REFERENCE
ATM001966,18.177408,83.41858,Odisha,,883c93b0adfffff,893c93b0adbffff,SYNTHETIC_REFERENCE
ATM001967,25.09452,88.141268,Bihar,,883c1b5563fffff,893c1b5562fffff,SYNTHETIC_REFERENCE
ATM001968,18.092095,78.680685,Maharashtra,,8860b1c1d1fffff,8960b1c1d07ffff,SYNTHETIC_REFERENCE
ATM001969,28.742363,76.927249,Delhi,,883da1813bfffff,893da1813afffff,SYNTHETIC_REFERENCE
ATM001970,13.249084,75.293909,Karnataka,,886011716bfffff,896011716a3ffff,SYNTHETIC_REFERENCE
ATM001971,18.231215,74.544898,Maharashtra,,88608e849bfffff,89608e849a3ffff,SYNTHETIC_REFERENCE
ATM001972,15.880571,80.805512,Telangana,,8861980001fffff,89619800013ffff,SYNTHETIC_REFERENCE
ATM001973,30.162708,79.595935,Uttar Pradesh,,883d1e55ddfffff,893d1e55dcbffff,SYNTHETIC_REFERENCE
ATM001974,23.06334,74.062408,Madhya Pradesh,,8842c95a29fffff,8942c95a213ffff,SYNTHETIC_REFERENCE
ATM001975,16.29373,77.797024,Karnataka,,8860a07861fffff,8960a07860fffff,SYNTHETIC_REFERENCE
ATM001976,21.950328,75.405064,Madhya Pradesh,,88609a1947fffff,89609a1946bffff,SYNTHETIC_REFERENCE
ATM001977,20.656533,77.715213,Maharashtra,,886090aa8dfffff,896090aa8c3ffff,SYNTHETIC_REFERENCE
ATM001978,11.909538,76.863716,Karnataka,,886033783bfffff,896033783abffff,SYNTHETIC_REFERENCE
ATM001979,25.631532,79.802311,Uttar Pradesh,,883d8e1159fffff,893d8e11587ffff,SYNTHETIC_REFERENCE
ATM001980,28.811147,83.163107,Uttar Pradesh,,883c30a5d3fffff,893c30a5d3bffff,SYNTHETIC_REFERENCE
ATM001981,18.162282,80.461369,Maharashtra,,8860b44123fffff,8960b441233ffff,SYNTHETIC_REFERENCE
ATM001982,26.304593,82.865954,Uttar Pradesh,,883d892eb5fffff,893d892eb0bffff,SYNTHETIC_REFERENCE
ATM001983,10.761325,79.879883,Tamil Nadu,,8861a958b3fffff,8961a958b27ffff,SYNTHETIC_REFERENCE
ATM001984,17.863553,74.402117,Karnataka,,88608c46a5fffff,89608c46a43ffff,SYNTHETIC_REFERENCE
ATM001985,19.639623,80.584693,Telangana,,883cb24629fffff,893cb246667ffff,SYNTHETIC_REFERENCE
ATM001986,19.044374,78.023736,Telangana,,8860b335b1fffff,8960b335b03ffff,SYNTHETIC_REFERENCE
ATM001987,26.876381,87.46565,Bihar,,883c1d50ebfffff,893c1d50eabffff,SYNTHETIC_REFERENCE
ATM001988,28.554196,77.452006,Haryana,,883da10499fffff,893da10499bffff,SYNTHETIC_REFERENCE
ATM001989,23.358993,70.819201,Rajasthan,,8842c565b7fffff,8942c565b0fffff,SYNTHETIC_REFERENCE
ATM001990,15.30931,76.648645,Karnataka,,8860a1a94bfffff,8960a1a94a7ffff,SYNTHETIC_REFERENCE
ATM001991,19.728961,72.740844,Maharashtra,,8842db5727fffff,8942db57273ffff,SYNTHETIC_REFERENCE
ATM001992,12.617687,74.915929,Kerala,,88601cdb1dfffff,89601cdb1d7ffff,SYNTHETIC_REFERENCE
ATM001993,16.515596,72.71632,Maharashtra,,8860f29805fffff,8960f29804bffff,SYNTHETIC_REFERENCE
ATM001994,15.511323,78.288428,Karnataka,,8860a465e3fffff,8960a465e33ffff,SYNTHETIC_REFERENCE
ATM001995,16.195035,77.784224,Karnataka,,8860a07129fffff,8960a071283ffff,SYNTHETIC_REFERENCE
ATM001996,11.69164,76.49327,Karnataka,,886015926bfffff,89601592687ffff,SYNTHETIC_REFERENCE
ATM001997,26.670985,80.792156,Uttar Pradesh,,883d8c2407fffff,893d8c24063ffff,SYNTHETIC_REFERENCE
ATM001998,21.911615,88.669298,West Bengal,,883c89b623fffff,893c89b6233ffff,SYNTHETIC_REFERENCE
ATM001999,18.820611,78.950735,Maharashtra,,8860b39b5dfffff,8960b39b5d7ffff,SYNTHETIC_REFERENCE
ATM002000,22.332337,69.141104,Gujarat,,8842c612d3fffff,8942c612d37ffff,SYNTHETIC_REFERENCE
